CarModel,Brand,MakeYear,Kms Covered,Cylinder,Price
Mazda 3 Skyactiv Touring Sedan 2015,Mazda,2015,101000,2000,49900000
FORD Mustang Gt 350 1965,FORD,1965,46000,0,150000000
Mazda 3 Skyactiv Touring Sedan Aut 2019,Mazda,2019,33500,2000,66900000
Mazda CX-5 2.5 4x4 Automatica Grand Touring Lx 2020,Mazda,2020,24100,2500,119900000
Chevrolet NHR  2022,Chevrolet,2022,100,3000,95800000
Renault Logan Privilege 2019,Renault,2019,72000,1600,36000000
Mazda 3 2.0 Sedan Grand Touring 2018,Mazda,2018,40257,2000,69900000
Renault Duster Dynamique 4x4 Bvm 2019,Renault,2019,55875,2000,58000000
Renault Logan Privilege Aut 2018,Renault,2018,52300,1600,38900000
Volkswagen FOX Xtreme 2020,Volkswagen,2020,7000,1600,47990000
Mercedes Benz Clase Cla 200 Aut 2017,Mercedes Benz,2017,19863,1600,82990000
Hyundai Tucson Advance 4x2 Aut 2019,Hyundai,2019,10000,2000,83990000
BMW X5 Xdrive 35i Sport 2013,BMW,2013,112850,3000,73990000
Volvo Xc 90 2.5 T Automatica 2012,Volvo,2012,60620,2500,79990000
Nissan LEAF Electrico 2018,Nissan,2018,14106,0,74900000
Renault Nueva Master 16 Pasajeros 2019,Renault,2019,100279,2300,130000000
Dodge Durango 3.6 4x4 Limited 2015,Dodge,2015,51500,3600,87500000
Volvo Xc 60 Momentum 2.0 T5 4x4 Aut 2019,Volvo,2019,13450,2000,163990000
BMW Serie 5 520I 2012,BMW,2012,51950,2000,64500000
Mercedes Benz Clase M Ml 320 1998,Mercedes Benz,1998,122000,3200,24500000
Chevrolet Zafira 2.0 Mecanica 2008,Chevrolet,2008,153000,2000,23500000
Nissan Versa Advance Aut 2013,Nissan,2013,103500,1600,29500000
FORD Hot Rod Mecanico 1950,FORD,1950,99000,1600,25900000
Peugeot 405 Sri 2.0 Mecanico 1996,Peugeot,1996,178000,2000,9950000
Mitsubishi Outlander PHEV 2017,Mitsubishi,2017,49700,2000,117900000
Nissan Sentra 1.8 Exclusive Automatico 2015,Nissan,2015,51200,1800,48900000
FORD Fiesta Hb Aut Titanium 2017,FORD,2017,55500,1600,46900000
FORD Explorer Limited 2.3 2018,FORD,2018,37970,2300,132900000
KIA Rio Stylus 1.5 Nb. A.A. D.H 2011,KIA,2011,99500,1500,19750000
Chevrolet SAIL LS 2014,Chevrolet,2014,70000,1400,24500000
Chevrolet Sonic 1.6 Ls Hatchback Mecanico 2019,Chevrolet,2019,56000,1400,42500000
Chevrolet AVEO Family 1.5 Mecanico 2010,Chevrolet,2010,109000,1500,18350000
Renault Logan LIFE 2020,Renault,2020,5490,1600,37500000
KIA Sportage Fq 2.0 4x2 Mecanica 2014,KIA,2014,105000,1975,40500000
Renault Sandero Authentique 2016,Renault,2016,61000,1600,27990000
Suzuki Grand Vitara 2.4 Glx Sport Aut 2015,Suzuki,2015,62000,2400,56990000
Renault Koleos Sportway Edicion Limitada 2017,Renault,2017,24000,2500,69990000
Renault Sandero 1.6 Gt Mecanico Aire Acondicionado 2010,Renault,2010,73000,1600,21800000
Suzuki Grand Vitara 2.4 Glx Sport Aut 2018,Suzuki,2018,83400,2400,59000000
Chevrolet ONIX Sedan Lt 2021,Chevrolet,2021,15000,1000,47900000
KIA Picanto 1.1 Mecanico 2016,KIA,2016,44000,1000,27490000
FORD EDGE Titanium 2017,FORD,2017,30162,3497,102000000
Chevrolet AVEO Family 1.5 Mecanico Aire Acondicionado 2012,Chevrolet,2012,100000,15,18000000
Renault Captur ZEN 2018,Renault,2018,65000,2000,59990000
Hyundai GETZ Advance Aut 2006,Hyundai,2006,207000,1600,15000000
Mercedes Benz Clase Gla 200 Automatico 2020,Mercedes Benz,2020,7785,1600,124900000
JEEP Grand Cherokee Limited 5.2 Automatica 1997,JEEP,1997,223672,5200,15600000
Skoda Fabia 1.2 Active Hb 2007,Skoda,2007,151037,1200,15300000
Renault Duster 2.0 4x2 Trip Advisor 2018,Renault,2018,4100000,2000,54900000
Renault Logan 1.6 Expression 2019,Renault,2019,30695,1600,39900000
KIA Cerato Pro 2nd Generacion 1.6 Aut 2017,KIA,2017,42774,1600,55900000
Mazda 2 1.5 Sport Prime 2019,Mazda,2019,42506,1500,51500000
Toyota Land Cruiser Fzj73 Cabinado Aire Acondicionado 1987,Toyota,1987,90000,4000,130000000
Mazda CX-9 3.7 V6 4x4 Automatica 2009,Mazda,2009,117840,3700,39900000
BMW Serie 3 325i Automatico 2006,BMW,2006,90514,2500,39600000
Chery Grand Tiggo 2.0 4x2 Fe 2015,Chery,2015,91302,2000,35800000
Renault CLIO 1.6 Rs Dynamique 2010,Renault,2010,89294,1600,18600000
Peugeot 207 Compact 5 Puertas 1.4 2011,Peugeot,2011,85305,1400,19800000
Volkswagen Jetta 2.5 Trendline Automatico 2018,Volkswagen,2018,17000,2500,52000000
Volvo Xc 60 3.0 T6 Full 2010,Volvo,2010,82000,3000,50000000
Chevrolet SAIL Ls A.A 2019,Chevrolet,2019,44800,1400,31800000
Suzuki Grand Vitara Sz 2.0 4x2 5 Puertas Mecanica 2010,Suzuki,2010,113000,2000,36000000
Land Rover Range Rover Evoque 2.0 Sd4 5p Pure 2015,Land Rover,2015,29000,2000,110900000
SEAT Arona 1.6 Mpi Fr Aut 2020,SEAT,2020,16700,1600,63990000
Mitsubishi ASX 2.0 4x4 Cvt 2014,Mitsubishi,2014,81000,2000,58000000
FIAT Palio Elx 1.3 5p Aire Acondicionado 2006,FIAT,2006,125000,1300,13900000
Mercedes Benz Clase E 200 1.8 Cgi Aut 2013,Mercedes Benz,2013,65000,1800,62000000
Mercedes Benz Clase Gl 500 Automatica 2016,Mercedes Benz,2016,59000,4700,159900000
Mazda 3 Skyactiv Touring Sedan 2015,Mazda,2015,101000,2000,49900000
Nissan Pathfinder  2015,Nissan,2015,70102,3500,84000000
Mercedes Benz Clase Gle  2021,Mercedes Benz,2021,5847,2000,280000000
Chevrolet Sonic 1.6 Lt Sedan Mecanico 2018,Chevrolet,2018,7000,1600,42500000
Volkswagen Jetta 2.0 Trendline Automatico Full Equipo 2012,Volkswagen,2012,94145,2000,34900000
Renault Twizy Technic 2019,Renault,2019,7700,0,38500000
Citroen C-Elysee 1.6 Shine Aut 2018,Citroen,2018,53300,1600,44900000
RAM 700 Express 2020,RAM,2020,136,1600,39900000
Chevrolet Cheyenne 1500 Automatica 1996,Chevrolet,1996,323500,5700,19950000
Toyota SUMO Tx L Automatico 2010,Toyota,2010,90000,2700,96000000
Chevrolet Captiva Sport 2.4 2013,Chevrolet,2013,111174,2400,35500000
Chevrolet Cobalt 1.8 Ltz 2015,Chevrolet,2015,46517,1800,29900000
Renault Duster 2.0 Intens 4x2 2020,Renault,2020,100,2000,67990000
FORD Mustang Gt 350 1965,FORD,1965,46000,0,150000000
Nissan Versa Sense 2014,Nissan,2014,60000,1600,32500000
Peugeot 3008 Allure 2.0 Aut Hdi 2019,Peugeot,2019,19231,2000,105900000
Porsche Cayenne GTS 2016,Porsche,2016,41910,3600,390000000
Nissan Pathfinder Exclusive 2015,Nissan,2015,70102,3500,84000000
Volkswagen FOX Xtreme 2020,Volkswagen,2020,21500,1600,44990000
Suzuki XL7  2021,Suzuki,2021,5463,1500,82990000
FORD Bronco 2.0 Wildtrak 4x4 2021,FORD,2021,0,1500,159990000
FORD Explorer Xlt 2.3 Turbo 2021,FORD,2021,0,2300,174990000
FORD Explorer St 3.0 2021,FORD,2021,0,3000,229990000
FORD Ranger Limited Aut 2021,FORD,2021,0,3198,158990000
FORD Escape Titanium Ecobost 4x4 2021,FORD,2021,0,,129990000
Renault Sandero LIFE 2022,Renault,2022,0,1598,45400000
FORD Ranger Limited 2022,FORD,2022,0,3198,164990000
FORD Ranger Limited 2022,FORD,2022,0,3198,164990000
Renault Koleos Intens 4x4 2022,Renault,2022,0,2488,133950000
FORD Escape Titanium Ecobost 4x4 2021,FORD,2021,0,,129990000
Renault Sandero ZEN 2022,Renault,2022,0,,53210000
Chevrolet Traverse Premier 2018,Chevrolet,2018,24500,3600,110000000
Renault Koleos Intens 4x4 2021,Renault,2021,0,2488,131790000
FORD Bronco 1.5 Big Bend 4x4 2021,FORD,2021,0,1500,129990000
FORD Bronco 2.0 Wildtrak 4x4 2021,FORD,2021,0,1500,159990000
FORD Escape Se 4x2 Ecoboost  2021,FORD,2021,0,,109990000
FORD Ranger Raptor Doble Cabima 2021,FORD,2021,0,,214990000
FORD Ranger Raptor Doble Cabima 2021,FORD,2021,0,,214990000
FORD Ranger Raptor Doble Cabima 2021,FORD,2021,0,,214990000
Mitsubishi Montero  2021,Mitsubishi,2021,100,0,219900000
Renault Duster 2.0 4x2 Polar 2019,Renault,2019,67000,2000,62000000
KIA Sportage Revolution 2.0 Gls 4x2 Mecanica Aire Acondicionado 2016,KIA,2016,48000,2000,63000000
Chevrolet SAIL Ls A.A 2019,Chevrolet,2019,16254,1400,33800000
Chevrolet Astra 1.8 Automatico 2003,Chevrolet,2003,108137,1800,12600000
Dodge Journey 2.4 Sxt 7 Puestos 2015,Dodge,2015,85704,2400,60500000
Mercedes Benz Clase E E230 1985,Mercedes Benz,1985,295000,2300,24900000
KIA Picanto Vibrant 2020,KIA,2020,22439,1200,36800000
Mazda 3 Skyactiv Touring Sedan Aut 2019,Mazda,2019,33500,2000,66900000
Mazda CX-5 2.5 4x4 Automatica Grand Touring Lx 2020,Mazda,2020,24100,2500,119900000
FORD Escape Titanium Ecobost 4x4 2021,FORD,2021,0,,129990000
FORD Explorer Limited 2.3 2021,FORD,2021,0,2300,204990000
FORD Bronco 1.5 Big Bend 4x4 2021,FORD,2021,0,1500,129990000
FORD Ranger 3.2 Xls Mt Diesel 2022,FORD,2022,0,,127990000
FORD Explorer Limited 2.3 2021,FORD,2021,0,2300,204990000
FORD Ranger 2.5 Xls Gas 2022,FORD,2022,0,,104990000
FORD Mustang Gt Premium Fastback 2021,FORD,2021,0,5000,189990000
DFSK Van Cargo 1.2 K05s 2019,DFSK,2019,16800,1200,40800000
KIA Picanto All New 1.0 2019,KIA,2019,48645,1000,29500000
Suzuki Grand Vitara 1.6 Glx Sport 4x4 3p Mecanica 2019,Suzuki,2019,15328,1600,64000000
Mercedes Benz Clase Cla 200 2015,Mercedes Benz,2015,22859,1600,74000000
Renault Duster Dynamique 2.0 4x2 Automatica 2019,Renault,2019,43626,2000,54800000
Volkswagen Jetta Comfortline 2.0 Aut 2007,Volkswagen,2007,110842,2000,21500000
Mitsubishi Outlander PHEV 2017,Mitsubishi,2017,49700,2000,117900000
Nissan Sentra 1.8 Exclusive Automatico 2015,Nissan,2015,51200,1800,48900000
Mazda 3 2.0 Hatchback Automatico 2018,Mazda,2018,55211,2000,62900000
Mitsubishi ASX 2.0 4x2 2015,Mitsubishi,2015,95000,2000,52990000
KIA Sportage Revolution 2.0 Gls 4x2 Automatica Aire Acondiconado 2012,KIA,2012,102000,1995,49000000
Chevrolet Spark Gt Ltz Mecanico Full Equipo 2016,Chevrolet,2016,75000,1200,26300000
Jaguar XE Prestige 2.0 T 2017,Jaguar,2017,9100,1998,118000000
FORD Explorer Limited 2.3 2019,FORD,2019,27000,2300,133000000
JEEP Cherokee Longitude 3.2 Aut 2015,JEEP,2015,53000,3200,73000000
Land Rover Range Rover Sport V8 5.0 Hse 2009,Land Rover,2009,120000,3600,100000000
MG GT 1.5 At 2019,MG,2019,17000,1500,48000000
Mercedes Benz Clase C 250 Cgi 2013,Mercedes Benz,2013,23956,1796,85000000
Renault Sandero 1.6 Dynamique Mecanico 2019,Renault,2019,29000,1598,38000000
JAC Potenza 2.0 2014,JAC,2014,18000,2000,49000000
AUDI Q7 3.0 Quattro Turbo Diesel Special 2011,AUDI,2011,99570,3000,95000000
Toyota Corolla 1.8 Cvt Seg 2021,Toyota,2021,6617,18,93000000
FORD Ecosport 2.0 4x2 Aut Titanium 2019,FORD,2019,21897,2000,70800000
Chevrolet SAIL 1.4 Lt Sedan Mecanico Aire Acondicionado 2018,Chevrolet,2018,54822,1400,32500000
FIAT UNO Way 1.4 Mecanico 2019,FIAT,2019,16059,1400,35800000
Renault Koleos Zen 4x2 2018,Renault,2018,28000,0,88000000
Chevrolet Luv D-Max 3.0 4x4 Doble Cabina Diesel 2013,Chevrolet,2013,140000,3000,66900000
Ssangyong Tivoli  2019,Ssangyong,2019,16064,1600,55000000
Nissan Qashqai 2.0 4x2 Aut 2014,Nissan,2014,100000,2000,80000000
Chevrolet Sonic 1.6 Lt Sedan Mecanico 2016,Chevrolet,2016,61000,1598,35000000
Chevrolet NHR Reward Camion 2022,Chevrolet,2022,100,3000,95800000
JMC Carrying 4.5 Ton Doble Llanta 2022,JMC,2022,100,2800,92000000
KIA Picanto All New 1.25 2018,KIA,2018,8750,1248,34000000
FORD Fiesta Hb Aut Titanium 2017,FORD,2017,55500,1600,46900000
Renault Koleos Dynamique 4x4 Cvt Sportway R-Link 2015,Renault,2015,84000,2500,59900000
Chevrolet Cobalt 1.8 Ltz Aut 2015,Chevrolet,2015,52000,1800,33000000
Suzuki Celerio 1.0 2016,Suzuki,2016,55300,1000,27900000
Mercedes Benz Clase C 200 Cabrio 2020,Mercedes Benz,2020,11800,2000,170000000
Mercedes Benz Clase Cla Amg 45 4matic 2019,Mercedes Benz,2019,12000,2000,167900000
Chevrolet NQR Buseton E5 2015,Chevrolet,2015,20946,5000,250000000
Chevrolet Trail Blazer 4.2 Ltz 4x4 Automatica 2007,Chevrolet,2007,140000,4200,32000000
Nissan X-Trail Exclusive 2020,Nissan,2020,47242,2500,107900000
Citroen C5 Aircross Unique 1.6t Aut 2020,Citroen,2020,20517,1598,100000000
FORD Fiesta 1.6 Powershift Titanium Sporback Automatico 2015,FORD,2015,73316,1600,40900000
FORD Fiesta Hb Titanium Mecanico 2016,FORD,2016,35706,1600,43500000
FORD Fiesta Sedan Titanium Mecanico 2017,FORD,2017,48209,1600,45700000
Renault Stepway Expresion 2017,Renault,2017,75098,1600,41900000
Renault Sandero LIFE 2019,Renault,2019,25781,1600,38800000
Nissan Pathfinder Exclusive 2019,Nissan,2019,3164,3500,139000000
Nissan Tiida 1.8 Confort Sedan Automatico 2012,Nissan,2012,101974,1800,26990000
Nissan Qashqai Exclusive Aut 2018,Nissan,2018,54831,2000,88490000
Chevrolet Captiva Sport 2.4 2014,Chevrolet,2014,100350,2400,39990000
Nissan Versa Advance 2015,Nissan,2015,55407,1600,37490000
Nissan March Sense Aut 2019,Nissan,2019,41275,1600,42490000
Nissan Versa Advance Aut 2012,Nissan,2012,91897,1600,29800000
Nissan Versa Advance Aut 2013,Nissan,2013,53820,1600,33900000
FORD Ecosport 2.0 4x2 Aut Titanium 2020,FORD,2020,3296,2000,75500000
Nissan Versa Sense 2019,Nissan,2019,29983,1600,45990000
Volkswagen GOLF Trendline 1.4 Tsi 2018,Volkswagen,2018,27900,1400,57900000
Suzuki Vitara Live Gl 1.6 4x4 2017,Suzuki,2017,40089,1600,56900000
Changan CS15 Luxury 2019,Changan,2019,29698,1500,42900000
Nissan Qashqai Advance 2017,Nissan,2017,56338,2000,66900000
Nissan Versa Advance Aut 2015,Nissan,2015,85664,1600,36490000
Nissan March Advance 2016,Nissan,2016,52262,1600,36990000
KIA Carens 2.0 Suv 2014,KIA,2014,95756,2000,46900000
Nissan Versa Advance 2020,Nissan,2020,11289,1600,54400000
AUDI A4 2.0 Tfsi Multitronic 2008,AUDI,2008,82134,2000,38800000
Chevrolet Sonic Sedan Lt 2013,Chevrolet,2013,69185,1600,28400000
Nissan Versa Drive 2019,Nissan,2019,60573,1600,39500000
Nissan Versa Advance 2021,Nissan,2021,15234,1600,58500000
Renault Sandero 1.6 Expression Mecanico 2014,Renault,2014,52900,1598,24900000
JAC S2 1.5 2017,JAC,2017,27000,1500,36000000
Renault Duster Expression 1.6 4x2 Mecanica 2013,Renault,2013,82000,1600,37000000
Renault Duster 2.0 Intens 4x2 2020,Renault,2020,15000,2000,60000000
JEEP Willys  1951,JEEP,1951,1000,1400,42000000
Cadillac Escalade  2009,Cadillac,2009,25000,6200,170000000
Mercedes Benz Clase E E250 Coupé Automatico 2018,Mercedes Benz,2018,100,0,145000000
KIA Sedona  2009,KIA,2009,85000,0,44000000
CHEVROLET Sail LS 2015,CHEVROLET,2015,87000,1400,23000000
KIA Sportage  2018,KIA,2018,59000,2000,90000000
Volvo S80  2011,Volvo,2011,75200,2500,40000000
BMW Serie 3 320i Luxury Line Plus 2015,BMW,2015,29000,2000,76000000
Mercedes Benz Clase Glk  2013,Mercedes Benz,2013,44000,300,75000000
FORD Ranger 3.2 Xlt Diesel 2022,FORD,2022,0,3200,144990000
FORD Ranger 2.2 Xl 4x4 Chasis Diesel 2022,FORD,2022,0,2200,112990000
FORD Bronco 2.0 Wildtrak 4x4 2021,FORD,2021,0,1500,159990000
FORD Mustang Gt Premium Fastback 2021,FORD,2021,0,5000,189990000
FORD Bronco 2.0 Wildtrak 4x4 2021,FORD,2021,0,1500,159990000
JMC Landwind  2007,JMC,2007,137443,2400,23000000
Dodge DART  1974,Dodge,1974,900000,2800,32000000
FORD Ranger 2.2 Xl 4x4 Chasis Diesel 2022,FORD,2022,0,2200,112990000
Chevrolet SAIL 1.4 Ltz Sedan Mecanico Full Equipo 2016,Chevrolet,2016,83000,1399,27200000
Chevrolet Optra 1.4 Mecanico Aire Acondicionado 2007,Chevrolet,2007,205000,1399,16500000
Mazda 5 2.0 Wagon Mecanica 2009,Mazda,2009,149000,2000,29500000
Chevrolet Sonic 1.6 Lt Sedan Automatico 2013,Chevrolet,2013,75385,1600,33300000
Mercedes Benz Clase Cla 200 Shooting Brake 2017,Mercedes Benz,2017,19900,1600,82990000
FIAT TIPO Sx 1.6 Mecanico 5p 1995,FIAT,1995,151542,1600,7900000
FORD Explorer Limited 2.3 2018,FORD,2018,37970,2300,132900000
Renault Duster 2.0 4x2 Trip Advisor 2018,Renault,2018,4100000,2000,54900000
Nissan Kicks  2020,Nissan,2020,11539,1600,70990000
KIA Rio Stylus 1.5 Ls Sedan Aire Acondicionado 2015,KIA,2015,80000,1500,27500000
Renault Stepway Dynamique 2015,Renault,2015,100400,1600,34500000
Renault Duster Dynamique 2.0 4x4 Dakar 2019,Renault,2019,21600,2000,64500000
Chevrolet ONIX 1.0 Rs Turbo Hatchback 2021,Chevrolet,2021,16787,1000,56900000
Renault Logan 1.6 Expression 2019,Renault,2019,30695,1600,39900000
Mazda 3 2.0 Sedan Touring Automatico 2016,Mazda,2016,62328,2000,54500000
FORD Explorer  2015,FORD,2015,63000,3500,76900000
Nissan Frontier Np300 Le Turbodiesel 2019,Nissan,2019,1520,2500,140900000
FORD Ranger 3.2 Limited 4x4 Automatica 2019,FORD,2019,37142,3200,135490000
Volkswagen Saveiro 1.6 4x2 Cabina Sencilla Mecanica 2019,Volkswagen,2019,20658,1600,38900000
Nissan Frontier Np300 Le Turbodiesel Aut 2018,Nissan,2018,34685,2500,118900000
Volkswagen GOL Trendline 2019,Volkswagen,2019,21539,1600,37500000
Citroen C4 1.2 Cactus 2018,Citroen,2018,46461,1200,56900000
Renault Twizy Technic 2019,Renault,2019,849,0,43000000
Chevrolet BEAT 1.2 Lt 2020,Chevrolet,2020,70500,1200,33800000
KIA Grand Pregio 3.0 19p 2013,KIA,2013,290000,3000,52500000
Mercedes Benz Clase E E350 2008,Mercedes Benz,2008,55000,3500,75000000
Mazda 3 2.0 Sedan Touring Automatico 2018,Mazda,2018,26000,2000,62900000
Renault Logan Expression Abs 2019,Renault,2019,15300,1600,36300000
Volkswagen Tiguan Track Y Field Automatica Diesel 2011,Volkswagen,2011,100000,2000,53000000
Mazda 3 1.6 Sedan Automatico 2011,Mazda,2011,96000,1600,29900000
Chevrolet Astra 2.0 5 Puertas Mecanico 2005,Chevrolet,2005,216368,2000,13800000
Nissan X-Trail Exclusive 2018,Nissan,2018,62150,2500,96900000
KIA Cerato Pro 2nd Generacion 1.6 Aut 2017,KIA,2017,42774,1600,55900000
Mazda 2 1.5 Sport Prime 2019,Mazda,2019,42506,1500,51500000
Volkswagen Jetta 2.0 Trendline Automatico Full Equipo 2012,Volkswagen,2012,94145,2000,34900000
Mazda 6 2.0 Automatico 2004,Mazda,2004,125000,2000,16500000
Volkswagen Saveiro 1.6 4x2 Cabina Sencilla Mecanica 2019,Volkswagen,2019,15800,1600,45500000
Mazda 2 1.5 Sedan 2019,Mazda,2019,35900,1500,52900000
BMW Serie 1 M135i 2014,BMW,2014,48500,2979,84000000
JAC B-Cross 1.5 4 Puertas Vvt 2015,JAC,2015,36000,1500,35000000
Mercedes Benz Clase A 200 Aut 2017,Mercedes Benz,2017,20900,1596,85000000
Chevrolet Corsa 1.3 4 Puertas Aire Acondicionado 1997,Chevrolet,1997,217000,1300,9500000
AUDI Q3  2017,AUDI,2017,33000,1400,115000000
Chevrolet Silverado 5.7 Z71 1994,Chevrolet,1994,310000,5700,17500000
FORD Ranger 2.2 Xl 4x4 Chasis Diesel 2022,FORD,2022,0,2200,112990000
KIA Sportage 2.0 4x2 2016,KIA,2016,66900,0,68000000
Volkswagen Jetta 2.0 Trendline 2008,Volkswagen,2008,103744,2000,21000000
FORD EDGE Sel 4x2 2017,FORD,2017,47105,0,84000000
Renault Duster Dynamique 4x4 Dakar 2019,Renault,2019,63658,2000,59900000
Renault Captur ZEN 2021,Renault,2021,9221,2000,76800000
Chevrolet SAIL Ls A.A 2019,Chevrolet,2019,66905,1400,31800000
Renault Logan  2018,Renault,2018,10953,1600,36500000
JEEP Gladiator  2020,JEEP,2020,13178,3600,300000000
Suzuki Swift 1.2 Gl Automatico 2019,Suzuki,2019,30000,1200,45990000
KIA Soluto Desire 2020,KIA,2020,6000,1400,49990000
Mercedes Benz Clase Gla 200 Aut 2019,Mercedes Benz,2019,35250,1600,110500000
KIA Sportage Fq 2.0 4x2 Automatica 2016,KIA,2016,71090,2000,48900000
FORD Ecosport Titanium 4x2 2015,FORD,2015,60560,2000,50500000
Renault Logan Life Plus Polar 2020,Renault,2020,17170,1600,40000000
Renault Sandero Life Plus 2020,Renault,2020,17100,1600,42500000
Chevrolet Spark 1.0 Ls Mecanico Aire Acondicionado 2019,Chevrolet,2019,32590,1000,25900000
Subaru Forester 2.5 Advance 2020,Subaru,2020,25680,2500,109900000
Volvo V40 T4 R-Design 2019,Volvo,2019,12360,2000,86900000
Nissan March Active 2015,Nissan,2015,114200,1600,25500000
Nissan March Sense Aut 2020,Nissan,2020,81660,1600,43900000
Renault CLIO Style Aa Da 2017,Renault,2017,64600,1200,28600000
Renault Stepway Dynamique 2017,Renault,2017,48400,1600,40900000
Chevrolet Spark 1.0 Ls Mecanico Aire Acondicionado 2019,Chevrolet,2019,19960,1000,26900000
Suzuki Vitara Live Glx Fs 1.6 4x4 Aut 2019,Suzuki,2019,25890,1600,77900000
FORD Ecosport Freestyle 2.0 4x4 Automatica 2020,FORD,2020,11300,2000,75900000
Renault Duster Dynamique 2.0 4x2 Automatica 2016,Renault,2016,38600,2000,49500000
Peugeot 3008 Gt-Line 1.6 4x2 Aut 2018,Peugeot,2018,50960,1600,102500000
Chevrolet Colorado Hc 4x4 2.8 Dsl Aut 2019,Chevrolet,2019,22210,2800,125900000
KIA Soluto Desire 2020,KIA,2020,17950,1400,48300000
FIAT UNO Way 1.4 Mecanico 2019,FIAT,2019,44470,1400,35500000
Suzuki Vitara Glx 1.6 4x4 Aut 2021,Suzuki,2021,9290,1600,86000000
KIA Cerato Pro 2nd Generation Mec 2019,KIA,2019,31680,1600,57900000
Ssangyong Tivoli Xlv Elite 4x2 Aut Fe 2020,Ssangyong,2020,8220,1600,74900000
Peugeot 2008 1.6 Active Vti Aut 2017,Peugeot,2017,30230,1600,55400000
Renault Sandero 1.6 Dynamique Mecanico 2012,Renault,2012,89730,1600,24000000
Volkswagen GOL Comfortline 1.6 5p 2018,Volkswagen,2018,40620,1600,37200000
Renault Sandero RS 2017,Renault,2017,52710,2000,44900000
Volvo V40 T4 R-Design 2019,Volvo,2019,18670,2000,86900000
Chevrolet Spark LS 2019,Chevrolet,2019,32860,1000,25900000
FORD Ecosport 2.0 4x2 Aut Titanium 2017,FORD,2017,51230,2000,56500000
JEEP Compass Sport 4x2 2019,JEEP,2019,22540,2400,80900000
JEEP Wrangler 3.6 Sport 3 Puertas Automatico Full Equipo 2016,JEEP,2016,38950,3600,116900000
FORD Fiesta Hb Titanium Mecanico 2018,FORD,2018,23880,1600,47000000
JEEP Renegade Sport Plus 1.8 Automatica 2020,JEEP,2020,17240,1800,79500000
Renault Kangoo Z.E. 2 Puestos 2019,Renault,2019,24975,1600,49900000
Renault Sandero Automatico 2015,Renault,2015,50510,1600,34500000
Renault Sandero Exclusive 2018,Renault,2018,31110,1600,37900000
Renault Kangoo Express Ca 2019,Renault,2019,19370,1600,49900000
FORD Ranger 2.2 Xl 4x4 Doble Cabina Diesel 2015,FORD,2015,102690,2200,72900000
Dodge Durango GT 2017,Dodge,2017,30060,3600,123900000
KIA Picanto Ion 1.0 Aire Acondicionado 2018,KIA,2018,50270,1000,29500000
Renault Sandero Authentique Aire Acondicionado 2017,Renault,2017,69600,1600,33500000
Dodge Durango 6.4 Srt 2020,Dodge,2020,100,6400,310000000
Renault KWID Outsider 2020,Renault,2020,16810,1000,38900000
AUDI A4 1.8 Tfsi B8 Multitronic Confort 120 Hp 2014,AUDI,2014,34110,1800,61000000
FIAT UNO Sporting 1.4 2019,FIAT,2019,6250,1400,36900000
Mitsubishi Eclipse  2020,Mitsubishi,2020,100,2000,123800000
Nissan Qashqai 2 2.0 Mcvt F.E 2018,Nissan,2018,39800,2000,77900000
Nissan Versa Advance Aut 2018,Nissan,2018,28500,1600,46900000
FORD Escape 2.0 Xlt 4wd 2020,FORD,2020,3960,2000,118000000
Renault Duster Dynamique 4x2 Bvm 1.6l 2017,Renault,2017,61700,1600,44900000
Jaguar XE Prestige 2.0 T 2017,Jaguar,2017,4050,2000,105000000
Renault Duster 1.3t Intens 4x4 2022,Renault,2022,0,1300,80690000
Chevrolet ONIX Sedan Ltz 2019,Chevrolet,2019,24381,1600,44500000
Suzuki Swift Dzire Gl 2020,Suzuki,2020,8400,1200,44300000
Renault Sandero  2019,Renault,2019,15538,1600,38000000
FORD Fusion Titanium Plus 2017,FORD,2017,19750,2000,73000000
Renault CLIO Style Aa Da 2017,Renault,2017,65200,1200,22000000
Chevrolet Tracker  2016,Chevrolet,2016,41000,1800,60000000
Subaru XV 2.0 Automatico 2019,Subaru,2019,4500,2000,95000000
BMW Serie 3 325i Automatico 2009,BMW,2009,40900,2500,44000000
BMW X3  2010,BMW,2010,71000,3000,55000000
Dodge Journey 2.4 SE 5 Puestos 2017,Dodge,2017,34000,2400,55500000
LEXUS GX 460 4.6 Automatica 2016,LEXUS,2016,25000,4600,250000000
BMW X3 2.5i Aut 2009,BMW,2009,85000,2500,46000000
Dodge Journey 2.4 Se 5 Puestos 2011,Dodge,2011,127000,2400,35000000
Hyundai ATOS  2010,Hyundai,2010,90000,1000,75000000
Toyota Corolla 1.8 S Aut 2016,Toyota,2016,73363,1800,56000000
Volkswagen Jetta 2.0 Europa 2015,Volkswagen,2015,81600,2000,35800000
KIA Cerato 1.6 Lx Automatico Full Equipo 2018,KIA,2018,70000,1600,54890000
Renault KWID Outsider 2021,Renault,2021,17000,1000,38900000
Mercedes Benz Clase C 180 Aut 2006,Mercedes Benz,2006,115272,1800,26900000
Suzuki Swift Dzire Gl 2015,Suzuki,2015,68210,1200,32600000
Chevrolet Spark 1.0 Lc A.A 2016,Chevrolet,2016,85950,1000,21000000
KIA RIO 1.4 Mecanico 2013,KIA,2013,84077,1400,34500000
Renault Stepway Dynamique 2012,Renault,2012,75150,1600,28900000
Volkswagen Jetta 2.0 Comfort Mecanico 2007,Volkswagen,2007,125000,2000,21500000
Peugeot 308 1.6 Confort 5 Puertas Mecanico 2010,Peugeot,2010,127000,1600,27900000
FORD Ranger Xls Gasolina 2021,FORD,2021,0,2500,101990000
SEAT Ateca Style Sport 2021,SEAT,2021,2103,1400,99900000
SEAT Ateca Style Sport 2021,SEAT,2021,2872,1400,99900000
Nissan X-Trail Exclusive 2018,Nissan,2018,61312,2500,96900000
Nissan Np 300 2.4 4x2 Dh Dob 2015,Nissan,2015,140000,0,44900000
AUDI A3  2017,AUDI,2017,23410,1200,69900000
Renault Twizy Technic 2019,Renault,2019,7700,0,38500000
BMW X1 Sdrive 20i 2017,BMW,2017,28700,2000,93500000
Chevrolet Tahoe 5.3 2011,Chevrolet,2011,110000,5300,100000000
Chery YOYA 1.5 Pasajeros 2015,Chery,2015,105000,1497,24000000
Chevrolet N300 1.2 Move Pasajeros 2013,Chevrolet,2013,185000,1206,25000000
Chevrolet Tracker Fwd Ls 2016,Chevrolet,2016,31000,1800,48000000
SSANGYONG Actyon 2.0 Diesel Mecanica Full Equipo 2013,SSANGYONG,2013,56967,20,30000000
CHEVROLET Optra 1.8 Automatico 4 Puertas 2005,CHEVROLET,2005,136000,1800,14000000
KIA Sportage 2nd Generation Gt Line 4x2 2022,KIA,2022,0,2000,131590000
KIA RIO All New Sc Hb Aut 2022,KIA,2022,0,1368,65690000
AUDI Q3 1.4 Tfsi S-Tronic Progressive 2018,AUDI,2018,20809,0,108000000
Renault Duster Dynamique 4x4 Bvm 2019,Renault,2019,19340,2000,59000000
Mazda 6  2020,Mazda,2020,4998,2500,109900000
FORD Mustang Gt Premium Fastback 2021,FORD,2021,0,5000,189990000
Mazda 3  2012,Mazda,2012,56000,0,34800000
Nissan New Pathfinder 3.5 Exclusive Cvt 2020,Nissan,2020,13000,3500,140000000
Suzuki Swift Dzire Gl 2020,Suzuki,2020,18416,1200,43800000
Volkswagen Jetta Tsi 1.4 Comfortline Aut 2020,Volkswagen,2020,16126,1600,70800000
Great Wall H3 2.0 4x4 2020,Great Wall,2020,20500,1997,60000000
KIA Carens Rondo 2.0 Gls Automatica 2009,KIA,2009,91000,2000,27500000
Toyota Hilux 2.4 4x2 Cabina Sencilla Platon 1997,Toyota,1997,146000,2400,18000000
Mercedes Benz Clase GLC 220 Diésel 2018,Mercedes Benz,2018,2755,3000,155000000
CHEVROLET N300 1.2 Max Cargo Plus 2014,CHEVROLET,2014,6800,1206,27500000
Ford Explorer 3.5 LIMITED 2014,Ford,2014,27000,3500,90000000
Renault Megane 1.6 Unique Mecanico 2008,Renault,2008,98624,1600,15900000
Chevrolet Tracker Mcm Ls Aut 2018,Chevrolet,2018,68000,1800,59890000
Nissan X-Trail Exclusive 2016,Nissan,2016,48000,2488,76900000
Renault Duster Dynamique 2.0 4x2 Automatica 2013,Renault,2013,105000,2000,36890000
FIAT UNO Attractive 1.4 5 Puertas 2015,FIAT,2015,41000,1400,29990000
BMW X2 Sdrive 20i M Sport 2021,BMW,2021,800,1998,150000000
Renault Duster 2.0 Intens 4x4 2019,Renault,2019,19126,2000,59000000
Hyundai ATOS Prime Servicio Urbano 2011,Hyundai,2011,735106,1000,68000000
Hyundai GETZ Gl 5 Puertas 1.4 16v Mecanico Full Equipo 2011,Hyundai,2011,119690,1400,19300000
Citroen C-Elysee 1.6 Shine Aut 2018,Citroen,2018,53300,1600,44900000
FORD Ranger Limited Aut 2022,FORD,2022,0,3198,163990000
Renault Kangoo C.A 2019,Renault,2019,17600,1600,51900000
RAM 700 Express 2020,RAM,2020,136,1600,39900000
Volkswagen Jetta 2.0 Trendline 2008,Volkswagen,2008,116000,2000,23800000
Honda Pilot Prestige 2017,Honda,2017,33915,3500,104000000
Honda CR-V 2.4 Ex Automatica 2011,Honda,2011,49000,2400,47000000
Land Rover Discovery 4 Hse 3.0 Sv6 2013,Land Rover,2013,90384,3000,145000000
FORD Escape Titanium 4x4 2017,FORD,2017,64000,2000,74000000
FORD Bronco 2.0 Wildtrak 4x4 2021,FORD,2021,0,1500,159990000
FORD Explorer Limited 3.5 Automatica Awd 2019,FORD,2019,31173,2300,149800000
Nissan March Connect 2020,Nissan,2020,8600,1600,43800000
FORD EDGE Limited 2013,FORD,2013,71500,3500,53000000
Suzuki Swift 1.4 Gl Automatico Aire Acondicionado 2013,Suzuki,2013,77300,1400,29200000
Chevrolet Captiva 3.0 Full Equipo 2011,Chevrolet,2011,123000,3000,38000000
CHEVROLET Spark  2012,CHEVROLET,2012,515000,1000,75000000
Hyundai Grand i10 Illusion 1.0 Classic A.A 2015,Hyundai,2015,99948,1000,25000000
Renault Duster Oroch ZEN 2022,Renault,2022,0,1998,68990000
Renault Stepway Intens 2021,Renault,2021,0,1598,61910000
KIA Cerato Pro Nb 1.6 F.E. Aut Summa 2016,KIA,2016,56450,0,47500000
KIA Stonic Vibrant 2022,KIA,2022,0,998,83990000
Volkswagen Beetle Sport 2.5 Aut 2016,Volkswagen,2016,60000,2480,55000000
Renault Duster Dynamique 4x4 Bvm Servicio Publico 2017,Renault,2017,69000,1998,46000000
Chevrolet Tracker Mcm Awd Ltz 2019,Chevrolet,2019,33694,1800,68900000
Volkswagen Jetta 2.0 Europa 2014,Volkswagen,2014,66000,2000,34990000
Renault Megane Ii 2.0 Hatchback Mecanico Techo 2007,Renault,2007,142856,2000,19900000
Citroen C5  2002,Citroen,2002,190631,2000,14300000
KIA Cerato  2015,KIA,2015,62866,1600,44900000
Renault Stepway Intens Polar 2020,Renault,2020,6500,1600,53500000
KIA RIO 1.4 Emotion Hb 2019,KIA,2019,29000,1400,51500000
Volkswagen GOL 1.6 Confortline Hatchback Mecanico 2018,Volkswagen,2018,64000,1600,35900000
Mazda 5  2003,Mazda,2003,368000,2200,33000000
KIA Picanto Emotion 2022,KIA,2022,0,998,38090000
KIA Picanto Emotion 2019,KIA,2019,51450,1000,30500000
FORD Ranger 2.2 Xl 4x4 Chasis Diesel 2022,FORD,2022,0,2200,112990000
Mercedes Benz Clase E 200 2014,Mercedes Benz,2014,26198,0,89000000
Renault Logan Intens Aut 2018,Renault,2018,39400,1600,34500000
Chevrolet Spark  2015,Chevrolet,2015,92300,1200,25000000
Daihatsu Sirion 1.5 Mecanico 2008,Daihatsu,2008,115200,1300,18500000
Mercedes Benz Clase A 200 Aut 2016,Mercedes Benz,2016,47000,1600,75900000
Volvo V40 T4 1.6 Turbo Automatico 2013,Volvo,2013,55000,1600,48700000
Renault Twizy Technic 2016,Renault,2016,40000,0,24500000
Renault Duster Dynamique 4x4 Bvm Servicio Publico 2013,Renault,2013,200000,2000,32000000
Dodge Journey 2.4 Automatica 2018,Dodge,2018,26800,2400,78500000
Renault CLIO 1.6 Rs Dynamique 2006,Renault,2006,132000,1600,15500000
Volkswagen Golf 1.8 Cabriolet 1981,Volkswagen,1981,176650,1800,32000000
Porsche Macan S 2015,Porsche,2015,19000,3000,230000000
AUDI A6 2.8 Fsi Multitronic 2012,AUDI,2012,84200,2773,68500000
KIA Carens Rondo 2.0 Gls Automatica 2007,KIA,2007,179000,2000,24500000
Renault Stepway Intens Mt 2022,Renault,2022,0,1598,62540000
KIA Picanto 1.25 X-Line Aut 2022,KIA,2022,0,1250,56390000
DFSK VAN  2018,DFSK,2018,26344,1000,38900000
BMW Serie 3 320i Luxury Line Plus 2017,BMW,2017,26500,1998,89000000
Toyota Land Cruiser Sahara 4.5 Diesel V8 2009,Toyota,2009,118000,4500,159000000
Renault Logan 1.4 Familier 2016,Renault,2016,40010,1400,24500000
Nissan Patrol King 5.6 Automatico 2017,Nissan,2017,9000,5600,310000000
Chevrolet Cruze 1.4l T Hb Ltz Aut 2017,Chevrolet,2017,39000,1400,51000000
Mercedes Benz Clase E 200 2015,Mercedes Benz,2015,39200,2000,81000000
Chevrolet ONIX LTZ 2017,Chevrolet,2017,16200,1400,35500000
BMW Serie 4  2019,BMW,2019,9123,0,125900000
Chevrolet AVEO Family 1.5 Mecanico Aire Acondicionado 2014,Chevrolet,2014,99000,1500,22790000
Chevrolet Spark Gt Ltz F.E 2017,Chevrolet,2017,114000,1200,26890000
Chevrolet SAIL 1.4 Lt Sedan Mecanico Aire Acondicionado 2018,Chevrolet,2018,38000,1400,28990000
Peugeot Partner  2019,Peugeot,2019,22973,1600,44900000
FORD Focus 2.0 Sedan Automatico 2013,FORD,2013,62000,2000,37500000
Mazda 3 2.0 Sedan Touring Automatico 2017,Mazda,2017,44000,2000,57900000
KIA Rio  2013,KIA,2013,8000,1400,34000000
Nissan New Pathfinder 3.5 Advance Cvt 2016,Nissan,2016,32012,3500,84300000
Nissan D21  2006,Nissan,2006,260000,2400,28000000
Hyundai Atos  2010,Hyundai,2010,90000,1000,85000000
Volkswagen Jetta  2018,Volkswagen,2018,31500,2500,71000000
Renault Logan 1.6 Expression 2016,Renault,2016,21810,1600,28600000
Great Wall Wingle 5 2.0 Doble Cabina 4x4 Diesel  2016,Great Wall,2016,65342,2000,58900000
BMW X6 Xdrive 35i 2018,BMW,2018,15000,4395,200000000
FORD Bronco 1.5 Big Bend 4x4 2021,FORD,2021,0,1500,129990000
Nissan Frontier Np300  2020,Nissan,2020,23300,2500,108900000
Renault Kangoo C.A 2019,Renault,2019,32100,1600,51900000
Subaru Outback  2011,Subaru,2011,108000,0,51900000
Mazda 3  2016,Mazda,2016,52965,0,54900000
Chevrolet SAIL LTZ 2019,Chevrolet,2019,18500,1399,34000000
Honda Civic 1.6 Lx Aut 2006,Honda,2006,152700,1800,25000000
FORD Explorer 3.5 Limited 2017,FORD,2017,40000,3497,130000000
Toyota Prado 5 Puertas Tx-L Automatica Diesel 2013,Toyota,2013,160000,2000,123000000
Mazda CX-5 2.0 4x2 Touring Aut 2018,Mazda,2018,35700,2000,78900000
Nissan Versa 1.6 Full Equipo Automatico 2021,Nissan,2021,14000,1600,65000000
Volkswagen T-Cross Trendline Aut 2020,Volkswagen,2020,1150,1600,60000000
Chevrolet Spark 1.2 Gt Rs Aire Acondicionado 2020,Chevrolet,2020,100,1206,36000000
Jinbei Microbus 19 Pasajeros 2014,Jinbei,2014,135821,2498,60000000
JEEP Grand Cherokee 4.7 Laredo Ven 2005,JEEP,2005,208000,4700,29000000
Chevrolet Corsa 1.4 Coupe Aire Acondicionado 2006,Chevrolet,2006,136000,1400,12000000
BMW X3 3.0i Aut 2010,BMW,2010,69500,2995,54800000
Renault Duster 1.6 Smart Servicio Publico 2020,Renault,2020,100,1600,45400000
JAC S2 1.5 2017,JAC,2017,28500,1499,36900000
BMW M3 Mecanico 1993,BMW,1993,238000,2494,25000000
KIA Cerato Koup Race 2.0 2015,KIA,2015,46000,2000,44000000
CITROEN C4 Picasso 2.0 Automatica 2011,CITROEN,2011,35000,2000,33000000
Toyota Rav 4 2.5 4x2 Aut 2014,Toyota,2014,65000,2700,77000000
Renault KWID Outsider 2022,Renault,2022,0,990,42610000
KIA RIO All New Sc Aut 2022,KIA,2022,0,1368,65690000
KIA Cerato Vibrant Aut 2022,KIA,2022,0,1591,78150000
KIA Stonic Zenith 2022,KIA,2022,0,998,93990000
KIA Picanto Emotion Aa 2022,KIA,2022,0,998,40490000
KIA RIO 1.4 Vibrant Sedan 2022,KIA,2022,0,1368,62090000
Volkswagen Voyage Comfortline 2018,Volkswagen,2018,46000,1600,38900000
FORD Fiesta 1.6 Titanium Sporback Mecanico 2018,FORD,2018,20000,2000,51500000
Renault Duster  2020,Renault,2020,17000,1600,60900000
Mercedes Benz Clase Glk  2015,Mercedes Benz,2015,48000,3500,95900000
FORD F150  2016,FORD,2016,24639,3500,118900000
Renault Fluence Privilege 2.0 Automatico 2012,Renault,2012,72000,2000,30900000
Renault Stepway Intens 2019,Renault,2019,5000,1600,50000000
Hyundai EON Style 2016,Hyundai,2016,33000,814,22000000
FORD Fiesta Hb Titanium Mecanico 2018,FORD,2018,20000,1600,50500000
Mitsubishi Montero  2021,Mitsubishi,2021,100,0,219900000
Nissan Kicks Exclusive Aut 2019,Nissan,2019,5500,1598,71500000
FORD EDGE Limited 2009,FORD,2009,73186,3500,42000000
Hyundai H1 Diesel 2.5 Tci 12 Pasajeros A.A 2011,Hyundai,2011,276000,2500,43000000
Renault Kangoo C.A 2014,Renault,2014,65662,1600,28600000
Renault Logan LIFE 2019,Renault,2019,20000,1600,41000000
Citroen C-Elysee  2020,Citroen,2020,6000,1600,112000000
Chevrolet Chevy  2006,Chevrolet,2006,67000,1600,11700000
Nissan Pathfinder  2004,Nissan,2004,164000,3500,22900000
Mazda 3 2.0 Grand Touring LX 2018,Mazda,2018,15100,2000,66000000
JEEP Grand Cherokee  2012,JEEP,2012,62000,0,84000000
Mitsubishi Outlander 2.4 4x4 Automatica 2018,Mitsubishi,2018,10000,2400,97500000
Renault Captur Intens Aut 2022,Renault,2022,0,1198,85250000
Renault Duster 1.3t Intens Outsider 4x4 2022,Renault,2022,0,1300,82900000
KIA Picanto Zenith 2022,KIA,2022,0,1248,45990000
FORD Ranger Xls Gasolina 2021,FORD,2021,0,2500,101990000
FORD EDGE  2013,FORD,2013,94000,3500,49000000
Renault Megane  2001,Renault,2001,180464,1400,12500000
BMW X4 Xdrive 30i M Edition 2021,BMW,2021,1500,2993,400000000
AUDI A4 1.8 Automatico 2007,AUDI,2007,81000,1800,32000000
Mazda 3 2.0 Sedan Touring Automatico 2020,Mazda,2020,6500,1998,71500000
Renault Sandero Life Plus 2019,Renault,2019,21700,1600,37000000
KIA Rio Stylus 1.5  Mecanico 2009,KIA,2009,137000,1500,19900000
Suzuki Vitara Live Gl 1.6 4x2 2020,Suzuki,2020,8700,1600,63500000
AUDI A6 1.8 Turbo Tiptronic 2017,AUDI,2017,30000,18,97000000
Chery Van Cargo2 1.5 2015,Chery,2015,24490,1500,29999990
Renault Nueva Master 18 Pasajeros 2017,Renault,2017,81000,2333,135000000
Volkswagen Tiguan 2.0 Sport & Style Tsi Automatico 2009,Volkswagen,2009,129000,2000,34000000
Chevrolet Vivant Lt 2.0 Automatico 2008,Chevrolet,2008,120000,2000,15000000
Suzuki Grand Vitara Sz 2.4 4x4 5 Puertas Automatica 2016,Suzuki,2016,76700,2700,54500000
KIA Sportage Revolution 2.0 4x2 A.A 2014,KIA,2014,67900,2000,55000000
Mercedes Benz Clase C 200 Cabrio 2019,Mercedes Benz,2019,18000,2000,134500000
AUDI Q5 2.0 T Luxury Tiptronic 2012,AUDI,2012,48000,2000,67000000
Mercedes Benz Clase Gle 250d 4matic 2017,Mercedes Benz,2017,67500,2200,136000000
BMW Serie 5 530I 2018,BMW,2018,20000,2000,135000000
Nissan 370Z Coupe 2012,Nissan,2012,19000,3900,100000000
Hyundai H1 Diesel 12 Pasajeros 2016,Hyundai,2016,42000,2500,80900000
Renault Duster Dynamique 2.0 4x2 Mecanica 2015,Renault,2015,96400,4,38000000
Honda CR-V 1.4 Exl Automatica 2004,Honda,2004,188000,0,23000000
Mercedes Benz Clase A 200 2017,Mercedes Benz,2017,11500,1600,82000000
Great Wall Wingle Sport 4x2 Diesel 2011,Great Wall,2011,202000,2800,27000000
BMW X3 Xdrive 28i 2011,BMW,2011,69000,2996,70000000
Toyota Fortuner 2.7 4X4 Automatico 2011,Toyota,2011,77000,2700,61000000
Hyundai Elantra  2017,Hyundai,2017,83000,1600,47900000
Chevrolet Cruze 1.8 4 Puertas Automatico Platinum 2011,Chevrolet,2011,122800,1800,28000000
KIA Sportage Revolution 2.0 4x2 A.A. Aut 2012,KIA,2012,61104,1998,50000000
Ford Fiesta Sedan SE Powershift Mecanico 2013,Ford,2013,84452,0,27500000
Renault Sandero LIFE 2022,Renault,2022,0,1598,45120000
KIA Cerato Vibrant 2022,KIA,2022,0,1591,73450000
Nissan Versa Advance 2013,Nissan,2013,120625,1598,27500000
Nissan March Connect 2019,Nissan,2019,8500,1600,39000000
Nissan Urvan 2.5 14 Pasajeros 2008,Nissan,2008,314737,2500,32990000
Toyota Burbuja  1995,Toyota,1995,142000,4500,50000000
Chevrolet Spark  2012,Chevrolet,2012,76000,1200,26500000
Chevrolet Sonic 1.6 Lt Sedan Mecanico 2015,Chevrolet,2015,42000,1600,30000000
FORD Escape  2015,FORD,2015,56000,2000,58900000
Suzuki APV  2013,Suzuki,2013,110000,1600,35000000
AUDI Q3 1.4 Tfsi S-Tronic Ambition 2017,AUDI,2017,75000,1400,73000000
AUDI A3 1.6 Mecanico 2 Puertas Alemania  2008,AUDI,2008,120000,1600,31500000
Chevrolet NHR  2018,Chevrolet,2018,23000,3000,85000000
Saic Wuling Van Panel  2007,Saic Wuling,2007,118000,1000,9900000
Chevrolet Colorado Hc 4x4 2.8 Dsl Aut 2018,Chevrolet,2018,43155,2800,118100000
Chevrolet NPR Turbo Camion 2020,Chevrolet,2020,27027,5000,132900000
Renault Kangoo  2019,Renault,2019,36690,1600,49000000
HINO Dutro  2019,HINO,2019,40362,4009,90000000
Foton VAN  2018,Foton,2018,43638,0,37500000
FORD EDGE  2013,FORD,2013,58800,3500,52500000
Toyota Fortuner 2.7 4x4 Automatico 2010,Toyota,2010,101400,2700,98000000
KIA Picanto 1.25 Gt Line 2022,KIA,2022,0,1248,52590000
KIA Picanto Vibrant 2022,KIA,2022,0,1248,43990000
KIA Picanto Vibrant Aut 2022,KIA,2022,0,1248,47790000
KIA Picanto Zenith Aut 2022,KIA,2022,0,1248,49790000
Chevrolet DMAX 2.5 4x4 Doble Cabina 2015,Chevrolet,2015,75300,2500,77900000
Renault Stepway Intens Polar 2020,Renault,2020,5465,1598,48000000
Chevrolet AVEO 1.6 5 Puertas Mecanico Aire Acondicionado 2012,Chevrolet,2012,99335,1600,21000000
Chevrolet Captiva 2.4 Ls Sport Automatico 2015,Chevrolet,2015,130000,0,40000000
Chery YOYA 1.5 Pasajeros 2015,Chery,2015,139000,1497,23000000
Mercedes Benz Clase Cla 180 2017,Mercedes Benz,2017,40000,4000,85000000
Ssangyong Actyon 2.0 Diesel Automatica Full Equipo 2009,Ssangyong,2009,334974,1998,30000000
Mercedes Benz Clase B B180 Mecanico 2011,Mercedes Benz,2011,96500,1700,32000000
Mercedes Benz Clase C 250 Cgi 2011,Mercedes Benz,2011,56000,1800,55000000
BMW X5 Xdrive 35i 2013,BMW,2013,40000,3000,88000000
Toyota Fortuner Urbana 4x2 Mecanica 2012,Toyota,2012,142000,2700,67000000
Hyundai Tucson Limited 4x4 Aut 2019,Hyundai,2019,2000,2000,105000000
JAC B-Cross 2.0 Mecanica 7 Pasajeros 2014,JAC,2014,89000,2000,30000000
Toyota Prado 5 Puertas Tx-L Automatica Diesel 2012,Toyota,2012,250246,2982,130000000
Nissan X-Trail 2.2 X-Ldt Diesel Mecanica Full Equipo Cuero 2014,Nissan,2014,111714,22,47000000
Renault Captur Intens 2017,Renault,2017,49000,1998,55000000
Mitsubishi Outlander 3.0 4x4 Automatica 2009,Mitsubishi,2009,97790,3000,39500000
FORD Explorer Xlt 4.0 V6 4x4 Automatica 1997,FORD,1997,240000,4000,7500000
FORD EDGE Limited 2013,FORD,2013,67000,3497,56000000
Volvo Xc 60 3.0 T6 G-Tronic 2012,Volvo,2012,46474,3000,75000000
Mercedes Benz Clase C 180 Avantgarde Aut 2019,Mercedes Benz,2019,8096,1600,107900000
Chevrolet HHR 2.4 Mecanica 2010,Chevrolet,2010,40000,2400,26500000
Nissan X-Trail 2.5 Xmt 4x4 Full Equipo 2005,Nissan,2005,149000,2500,25000000
Chevrolet Tracker Fwd Ls Aut 2015,Chevrolet,2015,5100,1800,43000000
Honda CR-V 2.4 Exl Automatica 2012,Honda,2012,153000,2354,65000000
Dodge Journey 2.4 Automatica 2015,Dodge,2015,52000,4,59900000
CHEVROLET Tracker 2.4 LT Aut 2018,CHEVROLET,2018,11500,18,65000000
CHEVROLET Spark GT 1.2 A.A 2015,CHEVROLET,2015,30500,1200,25000000
Ford Escape 3.0 XLT 4x4 Automatica 2012,Ford,2012,52300,3000,42000000
CHEVROLET Tracker FWD LS Aut 2015,CHEVROLET,2015,51000,1800,43000000
CHEVROLET Tracker FWD LS Aut 2015,CHEVROLET,2015,51000,1800,43000000
Ford Escape 3.0 XLT 4x4 Automatica 2007,Ford,2007,115000,3000,24500000
Mercedes Benz Clase A 200 2015,Mercedes Benz,2015,13100,1600,72000000
RENAULT Duster Dynamique 2.0 4x2 Mecanica 2015,RENAULT,2015,145000,2000,40000000
CHEVROLET Captiva 2.4 LS SPORT Automatico 2014,CHEVROLET,2014,58500,2400,40500000
Dodge Journey 2.4 Automatica 2014,Dodge,2014,40000,2400,48000000
NISSAN X-trail Classic S F.E. Aut 2011,NISSAN,2011,85000,2500,38900000
KIA Picanto  2012,KIA,2012,93664,1000,23500000
Nissan X-Trail X-Ltd Automatica Full Equipo 2011,Nissan,2011,157000,2488,45000000
Chevrolet Tracker  2015,Chevrolet,2015,51620,1800,43100000
FORD Escape Titanium 4x4 2017,FORD,2017,9950,2000,82500000
KIA Rio 1.4 Mecanico 2014,KIA,2014,94000,1400,32000000
Mazda CX-5  2017,Mazda,2017,50437,2000,77700000
Skoda Fabia Combi Classic 1.6 Mecanico 2010,Skoda,2010,135112,1600,18900000
Volvo Xc 40 T4 R-Design 2020,Volvo,2020,18000,2000,151000000
KIA Rio 1.4 Mecanico 2014,KIA,2014,94000,1400,32000000
Mazda CX-5  2017,Mazda,2017,50437,2000,77700000
Skoda Fabia Combi Classic 1.6 Mecanico 2010,Skoda,2010,135112,1600,18900000
Volvo Xc 40 T4 R-Design 2020,Volvo,2020,18000,2000,151000000
Mercedes Benz Clase A 200 Aut 2015,Mercedes Benz,2015,79000,1600,61000000
KIA Cerato 1.6 Nb Mecanico 2012,KIA,2012,61000,0,28000000
Renault Logan LIFE 2022,Renault,2022,0,1598,45000000
Renault Logan Life Plus 2022,Renault,2022,0,1598,48820000
Renault Stepway ZEN 2022,Renault,2022,0,1598,58040000
KIA Picanto 1.25 X-Line 2022,KIA,2022,0,1248,51590000
Nissan Sentra  2016,Nissan,2016,51000,1600,21500000
Mercedes Benz Clase C C200 Kompressor Automatico 2008,Mercedes Benz,2008,64329,1800,41900000
Chevrolet Tracker Mcm Ls 2015,Chevrolet,2015,98500,1800,38000000
Renault Logan  2011,Renault,2011,100000,1600,18000000
Mercedes Benz Clase Glc  2018,Mercedes Benz,2018,6800,2000,142000000
Yamaha XTZ 250 2015,Yamaha,2015,33100,250,11000000
Chevrolet Cruze  2016,Chevrolet,2016,13370,1800,44000000
Toyota Sumo  2008,Toyota,2008,140000,2700,48000000
Chevrolet Tracker  2015,Chevrolet,2015,52200,1800,43000000
BMW R 1200  2014,BMW,2014,34600,1200,55000000
Chery Vanpass 1.3 D.H. A.A 2014,Chery,2014,99818,1300,21000000
Nissan New Pathfinder 3.5 Exclusive Cvt 2015,Nissan,2015,60000,3500,73900000
JAC GRUA 1063 5 Toneladas 2019,JAC,2019,100,2771,100000000
Peugeot 308 2.0 Premium Full Equipo 2010,Peugeot,2010,69411,1997,26900000
Chevrolet Captiva 2.4 Ls Sport Automatico 2010,Chevrolet,2010,37000,2400,37000000
RENAULT Logan Night and Day 2018,RENAULT,2018,44000,1600,29900000
Honda CR-V 2.4 Lx Automatico 2017,Honda,2017,53000,2400,78500000
Nissan X-Trail Classic S Diesel F.E 2014,Nissan,2014,111360,2200,51000000
Nissan Sentra 2.0 E Automatico 2013,Nissan,2013,40000,2000,27000000
FORD Explorer 3.5 Limited 2013,FORD,2013,93000,3500,68000000
Nissan Pathfinder 3.5 Superlux Aut 2004,Nissan,2004,176000,3500,33000000
BMW Serie 5 525i Automatico 2008,BMW,2008,120000,2480,51500000
Nissan Versa 1.6 Full Equipo Automatico 2013,Nissan,2013,131000,1600,24000000
CHEVROLET Tracker LS Mecanica 2015,CHEVROLET,2015,172000,1800,42000000
Renault Koleos Sportway Edicion Limitada 2015,Renault,2015,32000,0,57990000
CHEVROLET Tracker FWD LS 2015,CHEVROLET,2015,80000,0,40000000
Mitsubishi Lancer 1.5 Glx Station Wagon Mecanico 1997,Mitsubishi,1997,270000,1500,8000000
Ford Escape 2.0 4X4 2014,Ford,2014,62300,2000,62500000
Hyundai Tucson IX35 4x4 2.0 Diesel Mecanica Full Equipo 2013,Hyundai,2013,110000,2000,46000000
Peugeot 2008 1.6 Allure Aut 2015,Peugeot,2015,32000,1600,50000000
Volkswagen BORA  2006,Volkswagen,2006,95000,2500,20500000
Great Wall M4 1.5 4x2 2016,Great Wall,2016,45000,1500,29000000
Toyota Prado  2016,Toyota,2016,56000,0,180000000
Chevrolet Tracker  2017,Chevrolet,2017,17000,0,54000000
Citroen Jumper 2.2 Hdi Turbo Diesel 19 Psajeros Full Equipo 2012,Citroen,2012,300000,2198,65000000
Chevrolet Spark  2015,Chevrolet,2015,55000,1400,25500000
CHEVROLET Captiva 2.4 LS SPORT Automatico 2009,CHEVROLET,2009,340900,2000,67899999
SSANGYONG Korando C 2.0 4X2 2012,SSANGYONG,2012,145000,2000,29500000
FORD Ecosport 2.0 4x2 Aut Titanium 2017,FORD,2017,52320,2000,56600000
Renault Logan Expression 2016,Renault,2016,52870,1600,28600000
Volkswagen Voyage Comfortline 2019,Volkswagen,2019,28420,1600,40500000
BMW X5 xDrive 35i Premium 2011,BMW,2011,50500,3500,97000000
Daihatsu Sirion 1.3 Ex 3p Aire Acondicionado 2008,Daihatsu,2008,65000,1300,16000000
BMW Serie 5 525i Automatico 2008,BMW,2008,94600,2500,34950000
BMW X5 Xdrive 30d 2013,BMW,2013,93000,2993,98000000
KIA Cerato Koup 1.6 Nb Mecanico Aire Acondicionado 2013,KIA,2013,79000,1600,33200000
BMW X3 Xdrive 20i 2015,BMW,2015,30000,2000,98000000
HINO FC9J Camion 2015,HINO,2015,295000,5123,170000000
AUDI A3 1.8 Automatico 2009,AUDI,2009,68000,1800,39900000
BMW Serie 1 120D 2013,BMW,2013,63000,2000,53000000
Citroen C3 1.4 2011,Citroen,2011,55000,1400,22500000
Renault Sandero Expression Abs 2012,Renault,2012,110000,1600,21000000
Mercedes Benz 413  2010,Mercedes Benz,2010,435388,0,77000000
BMW Serie 1 120i Sport Mecanico Hatchback 3p 2012,BMW,2012,66400,2,46000000
Renault Stepway Discovery 1.6 Mecanico 2014,Renault,2014,90000,1600,27500000
Ssangyong Rexton G4 2.0 Elite 4x4 2006,Ssangyong,2006,180000,2900,35000000
Mazda CX-9 3.7 V6 4x4 Automatica 2011,Mazda,2011,66000,3700,55000000
FORD Focus Titanium Aut 2015,FORD,2015,42300,2000,41900000
Chevrolet Spark 1.0 A.A 2012,Chevrolet,2012,74000,1000,15900000
Renault Fluence Privilege 2.0 Mecanico 2013,Renault,2013,41200,2000,33000000
Chevrolet LUV  1990,Chevrolet,1990,270000,2300,19800000
Mazda 3  2020,Mazda,2020,1000,2000,90000000
Renault Sandero Authentique Aire Acondicionado 2016,Renault,2016,43700,1600,28700000
Volkswagen New Beetle 2.5 Sport 2 Puertas Tiptronic Full Equipo 2016,Volkswagen,2016,32500,2500,51000000
Chevrolet Equinox  2018,Chevrolet,2018,19700,1500,74900000
FORD Fiesta H.B. Se 2016,FORD,2016,17513,1600,36500000
Nissan Pathfinder 3.5 Ancha Aut 2017,Nissan,2017,29800,3500,87990000
Volkswagen GOLF Comfortline 1.4 Tsi Dsg 2017,Volkswagen,2017,74000,1400,47999999
BMW X3 Xdrive 20d 2013,BMW,2013,92000,2000,68000000
Great Wall Haval M4 1.5 4x2 2018,Great Wall,2018,37000,1497,32000000
Volvo Xc 60 Kinetic 2.5 4x4 Aut 2016,Volvo,2016,50000,2497,80000000
Hyundai Tucson All New Gls Limited Ac At 4x4 2010,Hyundai,2010,114000,2700,29900000
Volvo C30 2.0 Entry 2012,Volvo,2012,68890,2000,42000000
Volvo New S60 1.6 T4 Automatico 2011,Volvo,2011,107437,1596,39900000
Volvo Xc 60 3.0 T6 Full 2013,Volvo,2013,70000,3000,71900000
Mercedes Benz Clase A 200 Aut 2016,Mercedes Benz,2016,41000,1600,67000000
FORD Ecosport  2015,FORD,2015,68300,2000,41000000
FORD Fusion Titanium Gasolina 2015,FORD,2015,28000,2000,55000000
BMW X3 Xdrive 28i 2011,BMW,2011,43000,2996,67500000
BMW X1 Sdrive 18d 2011,BMW,2011,155000,2000,47000000
Volkswagen Tiguan  2019,Volkswagen,2019,700,2000,97500000
Mazda 3 2.0 Hatchback Automatico 2018,Mazda,2018,65000,2000,64000000
KIA Carens Rondo 2.0 Gls Automatica 2012,KIA,2012,67900,2000,37000000
KIA Sportage FQ 2.0 4x2 Mecanica 2014,KIA,2014,150000,2000,36000000
KIA Picanto  2016,KIA,2016,380000,1200,79000000
FORD Ranger 2.2 4x2 Furgon 2007,FORD,2007,260000,2200,26800000
Mazda 6  2015,Mazda,2015,54000,2000,63000000
NISSAN Patrol  1993,NISSAN,1993,7000,3200,30000000
Chevrolet Tracker  2015,Chevrolet,2015,51000,1800,43000000
Geely Lc 1.3  2014,Geely,2014,41000,1350,16500000
Chevrolet Tracker  2015,Chevrolet,2015,51000,1800,43000000
Chevrolet ONIX 1.0 Lt Turbo Sedan  2021,Chevrolet,2021,100,1000,51890000
Hyundai I25 1.6 Classic 2014,Hyundai,2014,82000,1600,31000000
Mercedes Benz Clase C 180 Aut 2005,Mercedes Benz,2005,69350,1800,37000000
KIA Sportage Revolution 2.0 4x2 A.A 2015,KIA,2015,94700,2000,56800000
Renault Duster Dynamique 4x4 Bvm 2017,Renault,2017,60000,2000,46000000
Renault Sandero 1.6 Expression Mecanico 2017,Renault,2017,50000,1600,29500000
KIA Super Eko Taxi Soul 2018,KIA,2018,98000,1600,110000000
JEEP CJ3 A 1964,JEEP,1964,50000,2200,20000000
Hyundai Accent 1.4 Vision 4 Puertas Full Equipo 2009,Hyundai,2009,775876,1400,75000000
Volkswagen Jetta 2.5 Confortline Automatico 2012,Volkswagen,2012,52000,2500,31900000
Mazda 6 All New 2.5 Automatico 2011,Mazda,2011,77500,2500,38000000
Nissan Montacarga  2018,Nissan,2018,22258,2400,75000000
Volkswagen Nuevo Jetta 2.5 Trendline Automatico 2014,Volkswagen,2014,60500,0,41900000
AUDI A4 2.0 Multitronic 2007,AUDI,2007,85796,2000,44000000
Toyota Prado VX 3.0 Diesel Mecanica 2007,Toyota,2007,187000,3000,70000000
CHEVROLET Tracker FWD LS Aut 2015,CHEVROLET,2015,51000,0,43000000
Chevrolet NQR Reward Camion Euro Iv 2020,Chevrolet,2020,100,4800,122000000
KIA Mohave 3.0 Diesel Automatica 2014,KIA,2014,104000,0,80000000
Toyota Fortuner  2011,Toyota,2011,104000,2700,68000000
Chevrolet Captiva Sport 2.4 2011,Chevrolet,2011,138000,2384,29000000
Renault KWID ZEN 2021,Renault,2021,1850,1000,35900000
Honda Civic 1.6 Lx Mec 1997,Honda,1997,276277,1600,12800000
Volkswagen GOL 1.6 Confortline Hatchback Mecanico 2020,Volkswagen,2020,15700,1600,40700000
Mercedes Benz Clase Gla 200 Aut 2015,Mercedes Benz,2015,69200,1600,77000000
BMW Serie 1 118i M Edition Aut 5p 2015,BMW,2015,41000,1600,70000000
Renault Duster Dynamique 2.0 4x2 Dakar 2018,Renault,2018,15000,2000,54000000
Changan CS35  2015,Changan,2015,187000,1598,30000000
Nissan March Active Plus 2017,Nissan,2017,71500,1600,26500000
Nissan Almera 1.6 Sg Sedan Mecanico Full Equipo 2008,Nissan,2008,123000,1600,17500000
Nissan Tiida 1.8 Emotion Sedan Automatico Full Equipo 2011,Nissan,2011,116500,1800,21800000
Nissan Versa Sense 2013,Nissan,2013,99300,1600,25500000
Mazda 3 1.6 Sedan Automatico 2010,Mazda,2010,108000,1600,23500000
Volkswagen Nuevo Jetta Comfortline 2.5 Aut 2013,Volkswagen,2013,88000,2500,34500000
BMW X3 Xdrive 30i 2018,BMW,2018,30000,2000,138000000
KIA SOUL 1.6 Mecanica Aire Acondicionado 2016,KIA,2016,119000,1600,37000000
Chevrolet Traverse Lt Aut 2014,Chevrolet,2014,53272,3564,58000000
Ssangyong Korando C 2.0 4x2 2013,Ssangyong,2013,108000,2000,30000000
Nissan Frontier Np300 Chasis 2.5 4x2 Turbo Diesel 2017,Nissan,2017,28900,2500,81000000
CHEVROLET NHR Reward Camion 2020,CHEVROLET,2020,400,3000,85900000
NISSAN New Pathfinder Exclusive 2015,NISSAN,2015,52000,3500,92000000
AUDI A6 2.0 C7 Turbo Multitronic 2011,AUDI,2011,17200,2000,65000000
KIA Grand Pregio 3.0 19p 2013,KIA,2013,192000,3000,65000000
Chevrolet Captiva 2.4 Ls Sport Automatico 2012,Chevrolet,2012,116000,2398,31000000
Toyota Corolla 1.8 Aut 2012,Toyota,2012,116000,1800,33000000
FORD EDGE Limited 2013,FORD,2013,103500,3475,55000000
Volvo Xc 90 T6 Inscri. 2017,Volvo,2017,41000,1969,170000000
BMW Serie 1 120i M Edition 5p Aut 2016,BMW,2016,88000,1600,67900000
Chevrolet Optra Limited 1.8 Mecanico 2005,Chevrolet,2005,160000,1800,17000000
Mercedes Benz Clase E 200 1.8 Cgi Aut 2014,Mercedes Benz,2014,72000,2000,74900000
Renault Sandero 1.6 Dynamique 2017,Renault,2017,64800,1600,32000000
FORD EDGE Limited 2013,FORD,2013,103500,3475,55000000
BMW X5 3.0d Turbo Diesel 2015,BMW,2015,10000,3000,100000000
Joylong H3 2.8 Se Diesel Cummins 19 Pasajeros 2015,Joylong,2015,132000,2800,85000000
Chery YOYO 1.2  Mecanica Aire Acondicionado 2013,Chery,2013,70000,1200,24500000
Chevrolet Cheyenne  1995,Chevrolet,1995,380000,5700,25000000
Chevrolet BEAT 1.2 Ltz 2020,Chevrolet,2020,9950,0,38500000
Chevrolet Captiva Sport 2.4 2011,Chevrolet,2011,157000,2384,25000000
Mazda 6 All New 2.5 Automatico 2012,Mazda,2012,78100,2500,44900000
Hyundai Terracan 2.5 4x4 Diesel Mec F.E 2007,Hyundai,2007,232000,2500,31000000
Hyundai Santafe 2.2 Diesel 4x2 Aut 2013,Hyundai,2013,81349,2200,49300000
Mazda CX-5  2017,Mazda,2017,19407,2600,82000000
Chevrolet N300 1.2 Move Pasajeros 2013,Chevrolet,2013,50300,1200,29000000
KIA Grand Pregio 3.0 19p 2013,KIA,2013,140000,3000,66000000
KIA Sportage 2.0 4x4 Mecanica 2011,KIA,2011,139000,1975,33000000
Toyota Hilux Hi-Rider 4x4 Doble Cabina Aire Acondicionado 2006,Toyota,2006,148888,2400,49500000
Volvo Xc 60 2.0 T5 G-Tronic 2015,Volvo,2015,38000,0,80000000
FORD Ranger Xls Diesel 2021,FORD,2021,1000,3200,113500000
Volkswagen Jetta 1.8 Confortline Tiptronic Full Equipo 2019,Volkswagen,2019,4673,1400,63000000
MINI Cooper S Jcw 3p Aut 2019,MINI,2019,7000,0,80000000
Chevrolet NKR Camion Turbo Lwb 2006,Chevrolet,2006,400000,0,50000000
Mazda 3 2.0 Grand Touring Aut 2015,Mazda,2015,56000,0,56000000
SSANGYONG New Korando C 2.0 F.E. 4x2 2015,SSANGYONG,2015,41000,2000,40000000
KIA Sportage Revolution 2.0 4x2 A.A. Aut Summa 2016,KIA,2016,36000,2000,70000000
Mitsubishi Fuso Canter 7.5L 2016,Mitsubishi,2016,63000,4899,95000000
Chevrolet NPR Reward 5.2 700p Camion 2020,Chevrolet,2020,1000,3700,122900000
Renault Alaskan Zen 2.5 Diesel 4x4 2021,Renault,2021,0,2488,127640000
Nissan Versa Advance 2020,Nissan,2020,4600,1600,49900000
FORD Escape Titanium Ecobost 4x4 2016,FORD,2016,37200,2000,74000000
Renault CLIO Sport Style 2016,Renault,2016,57000,1200,24800000
Renault Stepway  2018,Renault,2018,44500,1600,41500000
Nissan Sentra  2012,Nissan,2012,59000,1997,25500000
Mercedes Benz Clase C 200 Cgi 2011,Mercedes Benz,2011,57000,2000,53500000
Renault CLIO 1.6 Rs Dynamique 2009,Renault,2009,107000,0,16500000
Chevrolet NPR Camion Plus 2021,Chevrolet,2021,1000,0,120000000
Mercedes Benz Clase C 200 Exclusive 1980,Mercedes Benz,1980,300,2500,10000000
Toyota Fortuner 2.7 4x4 Automatico 2010,Toyota,2010,104500,2700,98000000
KIA Sportage FQ 2.0 4x2 Mecanica 2013,KIA,2013,55500,2000,39000000
Nissan U41  2012,Nissan,2012,130000,4169,75000000
Hyundai ATOS  2007,Hyundai,2007,661640,1000,77000000
Chevrolet Esteem  2000,Chevrolet,2000,145000,1600,12500000
Chevrolet NHR  2016,Chevrolet,2016,12000,2700,75000000
FORD Lariat  2016,FORD,2016,53888,3496,96500000
Chevrolet NHR  2014,Chevrolet,2014,189000,2800,54000000
Chevrolet Tracker Fwd Ls 2015,Chevrolet,2015,51000,1800,43000000
Chevrolet Tracker  2015,Chevrolet,2015,51500,0,43000000
Chevrolet Trail Blazer 2.8 Diesel Automatica Ltz 2020,Chevrolet,2020,12066,2800,130000000
Jaguar XE R-Sport 2.0 T 2019,Jaguar,2019,14800,2000,128000000
Renault Duster TREK 2016,Renault,2016,41950,1999,42500000
Volkswagen Crossfox 1.6 2015,Volkswagen,2015,54000,1600,38000000
Volkswagen Virtus Highline 2020,Volkswagen,2020,20400,1600,59900000
Nissan TK55  2012,Nissan,2012,165099,3000,77000000
Chery QQ 6 1.3 Mecanico 2012,Chery,2012,51800,1300,14500000
Chery Tiggo 2.0 Mecanico 2011,Chery,2011,59800,2000,23000000
Chevrolet Luv D-Max 2.4 4x2 Cabina Sencilla Gasolina 2006,Chevrolet,2006,240000,2400,31000000
Mazda CX-5 2.5 4x4 Automatica Grand Touring Lx 2019,Mazda,2019,23900,2500,109500000
HINO Dutro Buseta 2014,HINO,2014,220000,4009,124000000
FORD EDGE Limited 2012,FORD,2012,70000,3500,56000000
KIA Pregio  2008,KIA,2008,219000,3000,44000000
JAC S2  2019,JAC,2019,52500,1500,38500000
Renault Kangoo Z.E. 2 Puestos 2014,Renault,2014,88200,88200,26000000
Ssangyong Korando C 2.0 4x4 Diesel Automatica 2014,Ssangyong,2014,150000,2000,45000000
Nissan Tiida 1.8 Confort Sedan Mecanico 2012,Nissan,2012,120000,1800,22800000
Daewoo Matiz  2000,Daewoo,2000,170000,1000,8500000
Chevrolet Tracker  2015,Chevrolet,2015,85000,1800,40000000
Hyundai Tucson  2013,Hyundai,2013,72000,1998,47000000
Chevrolet DMAX Cabina Simple Chasis 4x2 2008,Chevrolet,2008,221000,2500,35900000
Honda CR-V 2.4 Exl Automatica 2012,Honda,2012,88400,2400,54000000
Chevrolet SAIL LS 2016,Chevrolet,2016,43000,1400,26000000
Volkswagen GOLF 2.0 Gti Full Equipo Sunroof Mecanico 2003,Volkswagen,2003,171700,2000,20000000
Changan CS55 Luxury Aut 2019,Changan,2019,98989,88888,90909888
Toyota Prado Sumo Tx-L Automatica 2013,Toyota,2013,82000,3000,122000000
Mercedes Benz Clase E  2017,Mercedes Benz,2017,18000,0,129000000
Mazda CX-5 2.0 4x2 Automatica Mid 2016,Mazda,2016,42000,1999,74000000
Volkswagen Crossfox 1.6 2017,Volkswagen,2017,55500,1600,42500000
Volkswagen Jetta 2.0 Europa 2014,Volkswagen,2014,92000,1984,29900000
Mercedes Benz Sprinter 515 Cdi Kombi 19+1 2016,Mercedes Benz,2016,530000,0,118000000
Chevrolet Spark 1.2 Gt Rs Aire Acondicionado 2011,Chevrolet,2011,60400,1200,23000000
Nissan Qashqai 2.0 Automatica Full Equipo 2015,Nissan,2015,84000,2000,59000000
Nissan X-Trail  2015,Nissan,2015,60000,2500,68000000
BMW X2  2019,BMW,2019,4792,2000,127000000
Mitsubishi L200 Furgon 1996,Mitsubishi,1996,281000,2000,20000000
DFSK Pick Up  2018,DFSK,2018,9800,1500,39500000
Ssangyong Rexton G4 2.0 Supreme 2019,Ssangyong,2019,13500,2000,137000000
Volkswagen Jetta 1.8 Gli Automatico Full Equipo 2012,Volkswagen,2012,69000,1800,37500000
Chevrolet AVEO Family 1.5 Mecanico 2012,Chevrolet,2012,75000,1500,20500000
Citroen C-Elysee 1.6 Exclusive Vti 115 2015,Citroen,2015,70000,1600,31900000
Mazda CX-5 2.0 4x2 Automatica High 2017,Mazda,2017,45000,0,73000000
Chevrolet Cruze Lt 1.4 Turbo Aut 2017,Chevrolet,2017,6000,1400,53000000
FORD Escape  2017,FORD,2017,23000,2000,75000000
KIA Sportage All New 4x2 Automatica 2017,KIA,2017,60300,2000,76000000
Nissan Patrol  1976,Nissan,1976,250000,4000,65000000
Toyota Prado Vx 3.0 Diesel Automatica 2013,Toyota,2013,160000,3000,123000000
Mazda 3 2.0 Gran Touring Sedan Mecanico Nueva Generacion 2015,Mazda,2015,60000,2000,60000000
JEEP Wrangler Unlimited 3.6 Aut 2016,JEEP,2016,50300,3600,145000000
Hyundai H1 Diesel 12 Pasajeros 2012,Hyundai,2012,168000,2478,60000000
Mercedes Benz Clase A 200 2016,Mercedes Benz,2016,38000,1600,66000000
FORD Explorer Aventura 4.0 Mecanica 1997,FORD,1997,211691,4000,18000000
Land Rover Discovery 4  2015,Land Rover,2015,44000,2000,135000000
Nissan Frontier Np300 2.5 4x4 Doble Cabina Turbo Diesel 2014,Nissan,2014,33500,2500,88000000
Chevrolet Spark 1.0 2014,Chevrolet,2014,67200,1000,15300000
Mitsubishi Lancer 1.3 GL 1998,Mitsubishi,1998,122000,1300,8000000
BMW Serie 3  2012,BMW,2012,86000,2000,49800000
Mercedes Benz Clase C 180 Limited Plus 2011,Mercedes Benz,2011,70000,1800,42000000
Chevrolet Tracker  2016,Chevrolet,2016,110000,1800,47000000
Mercedes Benz Clase E E200 CGl 2012,Mercedes Benz,2012,39912,1800,84000000
Mazda 3 2.0 Sport Grand Touring Aut 2018,Mazda,2018,14500,2,65000000
Chevrolet Tracker Ls Mecanica 2016,Chevrolet,2016,120000,0,38000000
Chevrolet Spark Life A.A 2017,Chevrolet,2017,42000,995,19900000
Renault Megane Iii CVT 2007,Renault,2007,159420,20,18000000
Chevrolet Epica  2004,Chevrolet,2004,96000,2000,12000000
Jaguar XF  2015,Jaguar,2015,10448,1999,89000000
Chevrolet Esteem  2003,Chevrolet,2003,160000,1300,11000000
FORD Expedition 5.4 V8 4x4 Automatica 2009,FORD,2009,120000,5400,72200000
Ssangyong Tivoli 4x2 Aut 2016,Ssangyong,2016,41000,1600,45000000
Renault Koleos Dynamique 4x2 Cvt Bose 2014,Renault,2014,95000,2500,44000000
Ssangyong Actyon 2.0 Diesel Mecanica Full Equipo 2013,Ssangyong,2013,83300,1900,29500000
Mazda 3 2.0 Sedan Touring 2018,Mazda,2018,26000,2000,56000000
Chevrolet Tracker Fwd Lt Aut 2016,Chevrolet,2016,22084,1800,52000000
Nissan X-Trail 2.5 Xmt 4x4 Full Equipo 2016,Nissan,2016,22100,2500,81800000
Honda CR-V 2.4 Exl Automatica 2016,Honda,2016,33450,2400,83500000
Ssangyong Tivoli  Xlv 4x2 1.6 Aut 2019,Ssangyong,2019,30000,1600,73400000
Mazda 3 Skyactiv Touring Sport 2019,Mazda,2019,13000,1999,63300000
Renault Logan Authentique A.A 2016,Renault,2016,77000,1600,28500000
Renault KWID Outsider 2020,Renault,2020,16700,1000,33500000
Nissan Sentra B14 1.6 Ex Saloon 1997,Nissan,1997,245000,1600,9000000
Mercedes Benz Clase B 180 Urban 2011,Mercedes Benz,2011,93000,1600,36500000
Mercedes Benz Clase Cla 180 Aut 2016,Mercedes Benz,2016,11100,1600,81000000
MINI Cooper 1.6 Basico Mecanico 2011,MINI,2011,43000,1600,40500000
FORD Escape Titanium 4x2 2016,FORD,2016,44000,0,86000000
FORD Fiesta H.B. Se 2014,FORD,2014,53360,1600,28000000
KIA Cerato Pro  2016,KIA,2016,74000,1600,41900000
KIA New Rio 1.4 A.A. Lujo 2012,KIA,2012,57000,1400,34000000
Volkswagen Jetta 2.0 Trendline Automatico Full Equipo 2012,Volkswagen,2012,94000,2000,27900000
FORD Ecosport 2.0 4x2 Automatica 2017,FORD,2017,130000,2000,42500000
Chevrolet ONIX Ltz Aut 2019,Chevrolet,2019,30000,1389,44000000
Mercedes Benz Clase Gl 500 Automatica 2016,Mercedes Benz,2016,46300,4700,149500000
Peugeot 3008 1.6 Gt Line 2019,Peugeot,2019,13866,1600,108000000
Citroen C4 1.2 Cactus 2018,Citroen,2018,18600,1200,57600000
Chevrolet Chevy C2 4 Puertas 1.6 Automatico 2005,Chevrolet,2005,130000,1600,8000000
Chevrolet SAIL 1.4 Ltz Sedan Mecanico Full Equipo 2015,Chevrolet,2015,66000,1400,25000000
Changan CS35  2017,Changan,2017,71000,0,31000000
FIAT UNO Fire 1.3 5 Puertas 2005,FIAT,2005,221000,1300,10500000
Nissan X-Trail 2.5 Xmt 4x4 Full Equipo 2017,Nissan,2017,68000,2488,75000000
BYD New F-3 GS-I 2015,BYD,2015,60000,1497,25000000
Nissan Sentra 1.6 16v A.A 1997,Nissan,1997,250000,1600,10000000
BMW Serie 5 520D 2011,BMW,2011,77500,2000,63900000
Chevrolet Spark Gt Ltz Mecanico Full Equipo 2018,Chevrolet,2018,44002,1200,26500000
Toyota Celica 1.6 St Mecanico 1994,Toyota,1994,174852,1600,24000000
Hyundai Santafe 2.2 4x2 Mecanica 7 Puestos 2009,Hyundai,2009,150000,2700,30000000
FORD Explorer Xlt 4.0 Automatica 2008,FORD,2008,125000,4000,35488000
Toyota Corolla 1.3 Mecanico 2007,Toyota,2007,193800,1800,20900000
Peugeot 3008 Active 1.6 4x2 Aut 2015,Peugeot,2015,65000,1598,49000000
Volkswagen Jetta 2.0 Europa 2015,Volkswagen,2015,46400,2000,30000000
Volkswagen GOLF Comfortline 1.4 Tsi Dsg 2018,Volkswagen,2018,24500,1400,57900000
Renault Logan Exclusive Aut 2019,Renault,2019,15000,1600,40000000
Chevrolet Esteem 1.3 Mecanico 2002,Chevrolet,2002,223500,1300,12000000
Mercedes Benz Clase C 200 Cgi 2011,Mercedes Benz,2011,58000,2000,53500000
Mazda 2 Sedan Touring 2019,Mazda,2019,33000,1500,46000000
Renault Duster Dynamique 4x2 Bva Plus 2013,Renault,2013,135500,20,35000000
Toyota Prado 5 Puertas Tx-L Automatica Gasolina 2012,Toyota,2012,110000,3956,116500000
Lexus Gx 460 4.6 Automatica 2020,Lexus,2020,110,4600,378000000
BMW 320I Sport Line 2008,BMW,2008,121000,2000,33800000
FORD Explorer Xlt 4.0 Automatica 2007,FORD,2007,127500,4000,30000000
FORD EDGE Limited 2012,FORD,2012,79900,3497,52500000
Mercedes Benz Clase Cla 180 Aut 2017,Mercedes Benz,2017,27200,1595,80000000
Ford Ecosport Freestyle 2.0 4x4 Automatica 2019,Ford,2019,22750,2000,62500000
KIA Sedona 2.9 Automatico Full Equipo 2008,KIA,2008,148000,2902,33000000
Chevrolet Optra Advance 1.8 Mecanico 2009,Chevrolet,2009,140000,18000,20500000
Mazda 3 All New 2.0 Sedan High Aut 2013,Mazda,2013,48000,2000,41500000
Mercedes Benz Clase E E200 Kompressor 2008,Mercedes Benz,2008,72000,1800,42000000
Chevrolet AVEO 1.6 5 Puertas Mecanico Aire Acondicionado 2013,Chevrolet,2013,99500,1600,19500000
Nissan Qashqai 2.0 Automatica Full Equipo 2012,Nissan,2012,68000,2000,43500000
Chevrolet BEAT 1.2 Lt 2019,Chevrolet,2019,57000,1200,30000000
Nissan X-Trail Classic S F.E. Aut 2009,Nissan,2009,145000,2500,28000000
KIA Sportage Fq 2.0 4x2 Automatica 2014,KIA,2014,79000,1975,34900000
Suzuki Swift 1.2 Sedan Gl 2017,Suzuki,2017,46000,1200,31000000
Brilliance V5 1.5 Sport Turbo 4x2 2015,Brilliance,2015,16100,1500,40500000
BAIC Kenbo K-Seven 1.5 7pas 2016,BAIC,2016,30000,1800,40000000
Nissan Pathfinder 3.3 Ancha Aut F.E 1998,Nissan,1998,220000,32,20000000
Citroen C-Elysee 1.6 Seduction Vti 115 2018,Citroen,2018,12000,1600,38500000
Chevrolet AVEO 1.6 4 Puertas  Aire Acondicionado 2011,Chevrolet,2011,112000,1600,18000000
KIA Picanto All New 1.25 2019,KIA,2019,9000,1250,32500000
Chevrolet Tracker Fwd Lt Aut 2016,Chevrolet,2016,31500,1800,46500000
SKODA New Octavia Elegance 1.8 Automatico Sedan 2003,SKODA,2003,170088,4,13000000
Chevrolet Tracker Fwd Ls Aut 2013,Chevrolet,2013,85000,1600,34000000
CITROEN C3 1.6 Shine Turbodiesel 2018,CITROEN,2018,16000,1600,62700000
Mercedes Benz Clase GL 500 Automatica 2017,Mercedes Benz,2017,13658,4663,250000000
Mercedes Benz Clase A 200 Aut 2014,Mercedes Benz,2014,57000,1600,60000000
Mercedes Benz Clase A 200 Style 2016,Mercedes Benz,2016,21700,1600,69500000
RENAULT Koleos 2.5 Dynamique 4x4 Cvt 2009,RENAULT,2009,130500,2500,31500000
Ford Explorer 3.5 LIMITED 2013,Ford,2013,103000,3500,65000000
Volkswagen Escarabajo  1967,Volkswagen,1967,5000,1600,14000000
Mitsubishi ASX 2.0 4X4 2016,Mitsubishi,2016,45000,2000,67000000
Mercedes Benz Clase C 180 CGI Aut 2012,Mercedes Benz,2012,54000,1800,51500000
Volkswagen Tiguan 1.4 Trendline Fwd 2019,Volkswagen,2019,8000,14,89000000
Chevrolet Tracker Ls Mecanica 2014,Chevrolet,2014,98000,1800,36000000
KIA Sportage 2.0 4x4 Mecanica 2008,KIA,2008,178000,2000,30000000
BMW Serie 1 116I 2014,BMW,2014,77400,1598,53700000
JAC Camion 1131 6.3 Toneladas 2012,JAC,2012,181000,5900,138000000
Renault KWID ZEN 2020,Renault,2020,20000,1000,32500000
Chevrolet Cheyenne C-1500 4x4 Automatico Aire Acondicionado 1997,Chevrolet,1997,680,5700,29900000
Mercedes Benz Clase E 200 Avantgarde 2015,Mercedes Benz,2015,20100,2000,85500000
AUDI Q7 4.2 Fsi Luxury 2007,AUDI,2007,85000,4200,65000000
AUDI A3 2.0 Fsi Tiptronic 2007,AUDI,2007,98000,2000,34400000
Chevrolet Tracker Mcm Lt Aut 2014,Chevrolet,2014,39800,1800,38990000
Mercedes Benz Clase A 200 Progressive 2019,Mercedes Benz,2019,3000,1400,88000000
Chevrolet NKR  2001,Chevrolet,2001,60000,2700,40000000
Chevrolet Captiva  2013,Chevrolet,2013,83000,2400,32500000
Toyota Fortuner Plus Diesel Automatica 2009,Toyota,2009,146800,3000,64500000
Volvo Xc 60 R-Design 3.0 T6 G-Tronic 4x4 Aut 2017,Volvo,2017,26600,2000,118000000
Volkswagen GOL Highline 2017,Volkswagen,2017,31000,1600,30000000
Hyundai ATOS  2005,Hyundai,2005,100,0,76000000
Mercedes Benz Clase CLA  2016,Mercedes Benz,2016,13000,2000,145000000
Volkswagen Crossfox  2018,Volkswagen,2018,12000,1600,48000000
Chevrolet Camaro SS 2017,Chevrolet,2017,32000,6200,159000000
Mercedes Benz Clase C 180 Avantgarde Plus 2019,Mercedes Benz,2019,16500,1600,103000000
Mercedes Benz Clase C 200 Exclusive 2016,Mercedes Benz,2016,45478,2000,80000000
Renault Nueva Koleos Dynamique 4x2 Cvt 2018,Renault,2018,20800,25,76000000
Mercedes Benz Clase E 250 1.8 Cgi Aut 2012,Mercedes Benz,2012,31000,4,78000000
Great Dane Furgon 2 Ejes 2003,Great Dane,2003,100,0,58000000
BMW Serie 5 525i Automatico 2008,BMW,2008,70000,2500,36500000
FORD EDGE Limited 2013,FORD,2013,93000,3500,53000000
Hyundai I20  2017,Hyundai,2017,16550,0,40000000
Mazda 3 2.0 Sport Grand Touring Aut 2018,Mazda,2018,14500,2,65000000
Mazda 3 2.0 Sport Grand Touring Aut 2018,Mazda,2018,14500,2,65000000
Mazda 323  1984,Mazda,1984,51000,1400,3500000
Chevrolet Blazer 4x4 Automatica 1997,Chevrolet,1997,240000,4200,15000000
FORD Fiesta  2013,FORD,2013,118000,1600,26000000
Toyota Hilux  2019,Toyota,2019,60800,2393,110000000
Renault Duster Dynamique 2.0 4x2 Mecanica 2015,Renault,2015,61000,2000,37000000
ZNA Oting  2013,ZNA,2013,212000,2500,32000000
MACK Granite Gold  2012,MACK,2012,180000,0,217000000
Volkswagen Jetta  2010,Volkswagen,2010,62000,2,26000000
Chevrolet AVEO Family 1.5 Mecanico 2011,Chevrolet,2011,70795,1500,19000000
Volvo S60  2014,Volvo,2014,55000,3000,69000000
Chevrolet Equinox LS 2019,Chevrolet,2019,19700,1500,78000000
Mitsubishi L200 2.5 4x4 Diesel 2011,Mitsubishi,2011,135000,2455,45000000
Toyota Prado  2020,Toyota,2020,1000,3000,230000000
Chevrolet SAIL  2015,Chevrolet,2015,66000,1400,25000000
Chevrolet Captiva Sport 2.4 2013,Chevrolet,2013,114000,2348,31500000
Mercedes Benz Clase E 200 2014,Mercedes Benz,2014,30000,1991,85000000
Honda CR-V 2.4 Exl Automatica 2010,Honda,2010,109000,2354,45000000
Renault Kangoo Z.E. 2 Puestos 2014,Renault,2014,110000,1600,26000000
Dodge Journey 2.7 Sxt Automatica Full Equipo 2015,Dodge,2015,110000,2400,51000000
Chery Grand Tiggo  2016,Chery,2016,73560,2000,37000000
Volkswagen Tiguan  2018,Volkswagen,2018,24000,1400,79500000
AUDI Q3 1.4 Tfsi S-Tronic Ambition 2017,AUDI,2017,27500,0,85000000
KIA Sportage Revolution  2014,KIA,2014,110000,2000,55000000
Mazda 2  2010,Mazda,2010,63400,1500,24200000
Nissan Tiida  2012,Nissan,2012,52000,1800,24000000
FORD Escape 3.0 Xls 4x2 2012,FORD,2012,110000,3000,39900000
Hyundai Accent  2005,Hyundai,2005,188440,1500,13600000
Honda CR-V  2007,Honda,2007,200000,2400,32000000
NISSAN New Pathfinder Sense 2014,NISSAN,2014,78000,35,70000000
Toyota Prado  2010,Toyota,2010,87000,300,110000000
CHERY Tiggo 1.6 D.H. A.A 2015,CHERY,2015,55000,1600,38500000
CHEVROLET Sail 1.4 LTZ Sedan Mecanico Full Equipo 2014,CHEVROLET,2014,42000,1400,22500000
BMW Serie 3 320i Sport Line 2017,BMW,2017,12727,2000,99000000
Mazda Allegro  1999,Mazda,1999,219000,1600,9300000
Volkswagen Jetta 2.0 Trendline Mecanico Full Equipo Sun Roof 2008,Volkswagen,2008,134000,2000,22500000
Nissan Sentra 2.0l Sl 2011,Nissan,2011,80200,20,25000000
Honda FIT  2008,Honda,2008,126000,1400,15500000
Nissan New Sentra Exclusive 1.8 Plus Aut 2017,Nissan,2017,19500,1800,51000000
FORD Explorer  2013,FORD,2013,67000,3500,63000000
DFSK Glory  2014,DFSK,2014,192260,1310,24000000
Fiat Strada  2012,Fiat,2012,67000,1400,20000000
Mazda 2 Sedan Prime 2020,Mazda,2020,17600,1500,49000000
Chevrolet ONIX Ltz Aut 2018,Chevrolet,2018,53500,14,37000000
KIA Pregio 3.0 19 Pasajeros Full Equipo 2013,KIA,2013,192000,3000,58000000
Infiniti QX80 5.6 Automatica 2014,Infiniti,2014,71000,0,220000000
Nissan Versa Advance Aut 2018,Nissan,2018,16000,1600,43500000
Renault Twingo Dynamique 16v Serie Titanium 2007,Renault,2007,144000,0,14000000
Chery Vanpass 1.3 D.H. A.A 2012,Chery,2012,174000,1300,16000000
Mazda 3 2.0 Touring Sedan Automatico Nueva Generacion 2019,Mazda,2019,43700,2000,63000000
Subaru WRX 2.0 2019,Subaru,2019,11000,2000,121500000
Renault Duster Expression 1.6 4x2 Mecanica 2019,Renault,2019,97890,1600,39900000
Mitsubishi Canter Fe 84 2016,Mitsubishi,2016,131000,4900,90000000
Toyota FJ Cruiser 1966,Toyota,1966,250000,3000,45000000
Volkswagen Jetta 2.0 Trendline Mecanico Full Equipo Sun Roof 2015,Volkswagen,2015,120000,2000,27000000
Hyundai Grand I10 Illusion 1.0 Active 2015,Hyundai,2015,72300,1000,25000000
Chevrolet Captiva Sport  2.4  Full Equipo 2012,Chevrolet,2012,90000,2400,31000000
Chevrolet AVEO 1.4 3 Puertas Aire Acondicionado Special Edition 2012,Chevrolet,2012,96000,1500,20000000
Citroen AX 1.4 Allure 1995,Citroen,1995,164000,1400,6200000
Jinbei Microbus 16 Pasajeros 2015,Jinbei,2015,80000,2771,50000000
BMW Serie 1 120i Automatico 2013,BMW,2013,59000,0,84000000
Chevrolet Chevytaxi 1.2 Plus 2021,Chevrolet,2021,100,12,99000000
HINO FC Camion Light 2020,HINO,2020,63000,5123,150000000
Mitsubishi L200 2.5 4x4 Diesel 2013,Mitsubishi,2013,170000,170000,55500000
Chery YOKI 1.1 Pick Up Basico 2015,Chery,2015,220000,1000,23500000
BMW Serie 3 325i Automatico 2011,BMW,2011,80200,2498,48000000
Hyundai Vision  2011,Hyundai,2011,6800,1600,105000000
KIA Pregio 3.0 19 Puestos T 2004,KIA,2004,312225,3000,35000000
Hyundai Tucson All New GLS Limited AC AT 2016,Hyundai,2016,6003,2000,72000000
Ssangyong Actyon 2.3 4x2 Mecanica Gasolina Full Equipo 2011,Ssangyong,2011,90000,2300,29000000
Volkswagen Transporter GP T5 4Motion 2014,Volkswagen,2014,57000,1968,52000000
Volkswagen Transporter GP T5 4Motion 2014,Volkswagen,2014,57000,1968,52000000
NISSAN Frontier NP300 2.5 pick up 4x2 2013,NISSAN,2013,102000,2389,38800000
Iveco Daily 50C17 Microbús 19P 2014,Iveco,2014,119108,2998,95000000
Iveco Daily 50C17 Microbús 19P 2014,Iveco,2014,126117,2998,95000000
Iveco Daily 50C17 Microbús 19P 2014,Iveco,2014,124277,2998,95000000
Iveco Daily 50C17 Microbús 19P 2014,Iveco,2014,117303,2998,95000000
Citroen Berlingo 1.6t Diesel 2008,Citroen,2008,50000,0,16500000
Chevrolet NQR  2015,Chevrolet,2015,360000,5193,270000000
Hummer H2  2005,Hummer,2005,78000,6000,155000000
Chevrolet Corsa  2005,Chevrolet,2005,198000,1400,12500000
Mercedes Benz Clase Cla 180 Aut 2016,Mercedes Benz,2016,40000,1600,72000000
Chevrolet Spark  2015,Chevrolet,2015,34000,1000,19500000
Chevrolet Cruze  2017,Chevrolet,2017,40000,1600,62000000
Ford Panel Cabinado 2.2 2012,Ford,2012,115000,0,65000000
BMW Serie 7 730I 2017,BMW,2017,25555,5464,300000000
KIA Sportage Revolution 2.0 4x2 A.A. Summa 2016,KIA,2016,49000,2000,65000000
Buick Regal 3.8 Automatico 2013,Buick,2013,1200,1200,60000000
CHEVROLET Sail LS 2016,CHEVROLET,2016,35000,1400,23900000
Mercedes Benz Clase B B180 Automatico 2016,Mercedes Benz,2016,35000,1600,70500000
NISSAN X-trail Classic S F.E. Aut 2010,NISSAN,2010,106000,2500,40000000
Ford Escape 3.0 XLS 4x2 2012,Ford,2012,100000,3000,45000000
VOLVO XC 60 T6 Kinetic 2014,VOLVO,2014,38400,3000,98600000
BMW Serie 3 318i Mecanico 2011,BMW,2011,86000,2000,39000000
Hyundai Accent Vision Gls 1.6 16v 4 Puertas 2008,Hyundai,2008,113130,1600,18500000
Nissan New Pathfinder 3.5 Advance Cvt 2014,Nissan,2014,53000,3500,80000000
KIA Cerato Pro 1.6 Rin 16 Disco 4 Ruedas 2 Airbags 2015,KIA,2015,86000,1600,40990000
Mercedes Benz Clase E E320 2004,Mercedes Benz,2004,78000,3200,40000000
BMW Serie 3 325i Automatico 2009,BMW,2009,100,1400,38000000
Nissan X-Trail 2.5 Xmt 4x4 Full Equipo 2013,Nissan,2013,108000,2500,41900000
Ssangyong Korando C 2.0 4x4 Diesel Automatica Full Equipo 2013,Ssangyong,2013,73000,2000,34000000
KIA Picanto Ion Mecanico 2014,KIA,2014,601000,1000,69000000
Mercedes Benz Clase C 200 Cgi Avantgarde Aut 2013,Mercedes Benz,2013,107000,1800,52400000
JEEP Cherokee Longitude 3.2 Aut 2014,JEEP,2014,40000,3200,67000000
Renault Sandero 1.6 Gt Line Mecanico Aire Acondicionado 2015,Renault,2015,104000,1600,26500000
Land Rover Range Rover Evoque 2.0 Si4 5p Pure 2013,Land Rover,2013,56000,2000,93000000
Renault Twingo 1.2 Mecanico 2007,Renault,2007,96000,1200,12500000
Mercedes Benz Clase E 200 2014,Mercedes Benz,2014,39200,2000,79990000
Nissan Sentra 2.0 E Automatico Full Equipo 2010,Nissan,2010,85000,2000,24500000
Nissan Patrol 4.8 Grx Gasolina Automatica 5 Puertas 2004,Nissan,2004,145000,4800,75000000
Renault Duster Expression 4x4 Bvm 2017,Renault,2017,62000,20,44500000
Honda WRV LX 2020,Honda,2020,12500,1400,63000000
Dodge Journey 2.4 Se 7p Aut 2014,Dodge,2014,70477,2360,52000000
Chevrolet SAIL 1.4 Lt Sedan Mecanico Aire Acondicionado 2018,Chevrolet,2018,40000,1400,27500000
Kenworth T800 Tracto Camiòn Full 2011,Kenworth,2011,485000,14700,315000000
Toyota Rav 4 Life 4x2 5 Puertas Automatica 2011,Toyota,2011,95000,25,49900000
Chevrolet Blazer 4x4 Automatica 2020,Chevrolet,2020,3500,3600,135000000
Toyota Fortuner Urbana 4x2 Automatica 2015,Toyota,2015,125000,2700,100000000
Mazda 3 1.6 Sedan Mecanico 2008,Mazda,2008,165000,0,19000000
Mazda B2200  1996,Mazda,1996,238000,2200,18000000
Chevrolet NHR 2.8 700p Camion 2020,Chevrolet,2020,5000,3000,89500000
Dodge Journey 2.7 SXT Automatica Full Equipo 2009,Dodge,2009,72000,2700,38000000
Mazda 2  2018,Mazda,2018,13500,15,54000000
Ford Escape Titanium 4x2 2016,Ford,2016,34500,2000,75000000
BMW X1 Xdrive 20i M Edition 2012,BMW,2012,115000,2000,55000000
Chevrolet Sonic 1.6 Lt Sedan Mecanico 2017,Chevrolet,2017,42400,1600,39900000
Chevrolet Optra Advance 1.6 Mecanico Aire Acondicionado 2012,Chevrolet,2012,117500,1598,22000000
KIA Ekotaxi  2015,KIA,2015,330000,2700,73000000
Peugeot 208 1.6 Active 1.6 Diésel 2018,Peugeot,2018,44000,1600,46000000
Volkswagen POLO 2.0 Sedan 2004,Volkswagen,2004,165000,2000,14000000
FORD Focus 2.0 Sedan Automatico 2013,FORD,2013,67000,1999,26500000
Hyundai I10  2014,Hyundai,2014,438000,1100,64000000
Renault R19 1.8 1997,Renault,1997,87000,1800,9500000
KIA Ekotaxi Gran 1.0 2020,KIA,2020,89000,1000,60000000
FORD Explorer  2017,FORD,2017,52058,3497,108000000
Mazda 2 Grand Touring Lx 2018,Mazda,2018,25000000,1500,53000000
Peugeot 2008 1.6 Active 2016,Peugeot,2016,28000,1600,45000000
Chevrolet BEAT 1.2 Ltz 2019,Chevrolet,2019,12000,1200,35990000
FORD Explorer 3.5 Limited 2017,FORD,2017,35100,3500,120000000
Chevrolet Spark 1.0 2013,Chevrolet,2013,94200,995,14500000
FORD Focus 2.0 Titanium Powershift Automatico 2014,FORD,2014,54500,2000,38500000
Mahindra KUV  2012,Mahindra,2012,87000,2179,36500000
JAC B-Cross 2.0 Mecanica 7 Pasajeros 2014,JAC,2014,84000,2000,26000000
Hyundai Grand I10  2018,Hyundai,2018,93000,1200,85000000
Toyota Rav 4  2006,Toyota,2006,100000,2400,49000000
FORD F150  1994,FORD,1994,300000,5000,18000000
Volvo Xc 60 3.0 T6 G-Tronic 2012,Volvo,2012,140000,3000,50000000
Citroen DS3  2014,Citroen,2014,43111,1598,36900000
AUDI A6  2011,AUDI,2011,63000,2000,65000000
FORD EDGE Limited 2012,FORD,2012,124500,3497,50000000
Renault CLIO Campus 1.2 D.A. Mecanico Aire Acondicionado 2015,Renault,2015,79900,1200,19000000
Chevrolet LUV  1993,Chevrolet,1993,250000,2300,20000000
KIA Sportage Revolution 2.0 4x2 A.A. Aut 2015,KIA,2015,60300,2000,70000000
FORD Fiesta 1.6 Hatchback Mecanico 2017,FORD,2017,49900,1600,36000000
FORD Escape 2.0 4x4 2007,FORD,2007,147000,3000,24000000
Komatsu Bulldozer  2016,Komatsu,2016,2600,0,480000000
Citroen ZX  1997,Citroen,1997,250000,1800,9500000
Hyundai I10  2013,Hyundai,2013,255000,1000,82000000
CHERY Yoyo  2013,CHERY,2013,46500,1200,23900000
CHERY Yoyo  2013,CHERY,2013,46500,1200,23900000
CHEVROLET Tracker  2014,CHEVROLET,2014,75000,1800,39000000
Mercedes Benz Clase A 200 2020,Mercedes Benz,2020,5200,1300,110000000
Volkswagen Jetta 2.0 Comfort Mecanico 2017,Volkswagen,2017,38000,2000,47000000
Nissan PKC Minimula Diesel 212 2005,Nissan,2005,400000,6925,130000000
Chevrolet SAIL  2020,Chevrolet,2020,1000,1400,35000000
KIA RIO  2017,KIA,2017,70000,1248,33500000
Volkswagen Amarok Comfortline 2.0 4x4 Dob Cab Automatica 2019,Volkswagen,2019,19000,1900,113000000
Mazda 3 2.0 Sedan Touring Automatico 2018,Mazda,2018,24482,2000,57900000
BAIC Kenbo K-Seven 1.5 7pas 2016,BAIC,2016,153000,1500,28000000
Volkswagen Beetle Design 2.5 Aut 2016,Volkswagen,2016,28500,2500,42000000
KIA Picanto Eko 1.1 2020,KIA,2020,100,1000,48500000
Subaru Impreza  1994,Subaru,1994,300000,1800,11000000
CHEVROLET Captiva  2015,CHEVROLET,2015,139000,1800,56000000
Suzuki Swift  2016,Suzuki,2016,19000,1400,41000000
FORD F150  1991,FORD,1991,191786,4942,27000000
Chevrolet Silverado  1993,Chevrolet,1993,320000,5200,19000000
Hyundai Santafe  2015,Hyundai,2015,45000,2400,72000000
Renault Koleos  2015,Renault,2015,36500,2500,46000000
Citroen ZX 1.8 Aura 1994,Citroen,1994,175000,0,10000000
Mazda 2 1.5 Sport Grand Touring Aut Lx 2020,Mazda,2020,4200,1500,58500000
KIA Pregio  2011,KIA,2011,260000,3000,53000000
AUDI A1 1.4 Tfsi 2018,AUDI,2018,20000,0,150000000
Chevrolet NPR Camion Plus 1999,Chevrolet,1999,350,0,60000000
Volvo Excavadora  2014,Volvo,2014,3943,2200,80000000
Chevrolet SAIL 1.4 Ltz Sedan Mecanico Full Equipo 2019,Chevrolet,2019,5000,1400,34000000
FORD EDGE Limited Aut Awd 2014,FORD,2014,107000,3500,55000000
Chevrolet NHR Reward Camion 2.8 700p 2016,Chevrolet,2016,41000,0,65000000
KIA Ekotaxi  2020,KIA,2020,100,998,116000000
RENAULT Duster Dynamique 2.0 4x2 Mecanica 2015,RENAULT,2015,145000,2000,40000000
Toyota Rav 4 Street 2.0 4x2 Aut 2017,Toyota,2017,59300,0,85000000
Chevrolet Cruze 1.8  4 Puertas Automatico 2016,Chevrolet,2016,71000,0,36000000
FORD Escort  2017,FORD,2017,23000,2000,55000000
KIA Cerato  2012,KIA,2012,76861,1600,30000000
Chevrolet Captiva  2012,Chevrolet,2012,142000,0,33000000
BMW X6  2017,BMW,2017,26000,0,155000000
Renault Twizy Technic 2019,Renault,2019,2200,0,39000000
CITROEN Jumper Furgon 2.2 HDI 130 2002,CITROEN,2002,3444556,3400,465758686
Toyota Fortuner Plus Automatica Diesel 2015,Toyota,2015,97000,0,110000000
AUDI A1 1.4 T Ambition Plus St 2021,AUDI,2021,30000,0,150000000
Renault Logan 1.6 2020,Renault,2020,1000,1600,40800000
Chevrolet Blazer 4X4 1998,Chevrolet,1998,280000,4000,9000000
FORD Ecosport 2.0 4x2 Automatica 2018,FORD,2018,1800,2000,60000000
Toyota Prado 5 Puertas Tx-L Automatica Diesel 2012,Toyota,2012,140000,3000,118000000
KIA Picanto Ion Mecanico 2015,KIA,2015,270000,1000,69000000
BMW Serie 3 316i Mecanico 2013,BMW,2013,70000,1598,58000000
Toyota Prado 5 Puertas Tx Automatica Diesel 2015,Toyota,2015,62000,3000,158000000
Nissan Np 300 2.5 4x2 Dh Diésel Dob. 2011,Nissan,2011,1000,2488,38000000
FORD Ranger 2.6 4x2 Doble Cabina 2013,FORD,2013,130000,2600,45000000
BMW Serie 3 320i Automatico 2013,BMW,2013,102000,2000,60000000
Saic Wuling Minivan 1.0 Basica 2007,Saic Wuling,2007,98000,1000,15000000
Mercedes Benz AMG A35 4matic 2021,Mercedes Benz,2021,3000,1991,165000000
KIA Picanto Ion 1.0 2020,KIA,2020,100,1000,117000000
Nissan Patrol 4.8 Grx Gasolina Automatica 5 Puertas 2004,Nissan,2004,145000,0,75000000
FORD Cargo 815  2006,FORD,2006,650000,3920,52000000
Ssangyong New Actyon Diesel 2.0 F.E. 4x4 Aut 2018,Ssangyong,2018,19000,1998,70000000
Chery YOYO 1.2  Mecanica Aire Acondicionado 2015,Chery,2015,121000,0,22400000
BMW 320I  2009,BMW,2009,130000,1995,38000000
Honda CR-V  2014,Honda,2014,132000,2354,48000000
BMW X3 Xdrive 20i 2014,BMW,2014,61000,2000,75500000
CHEVROLET Captiva 2.4 LS SPORT Automatico 2012,CHEVROLET,2012,48000,2400,36000000
Fiat Nuevo Uno Vivace 1.4 2015,Fiat,2015,60000,1400,19000000
FORD Ecosport 2.0 4x2 Automatica 2015,FORD,2015,56000,2000,48000000
Chevrolet Blazer 4X2 1995,Chevrolet,1995,24000,4350,13500000
BMW X3 Xdrive 20d 2015,BMW,2015,41833,2000,85000000
FORD Ranger 2.2 Xl 4x4 Doble Cabina Diesel 2014,FORD,2014,158000,2198,65000000
JAC B-Cross 2.0 Mecanica 7 Pasajeros 2015,JAC,2015,14000,0,33000000
Chevrolet NKR  2017,Chevrolet,2017,330000,0,145000000
Renault Duster Dynamique 4x4 Bvm Servicio Publico 2020,Renault,2020,14702,0,65000000
BMW Serie 5 520I 2015,BMW,2015,49000,2000,89000000
KIA Grand Pregio  2008,KIA,2008,372,0,48000000
Renault Duster  2019,Renault,2019,72349,1600,48990000
Hyundai Accent  2015,Hyundai,2015,300000,1495,79000000
BMW X1 Xdrive 20i M Edition 2018,BMW,2018,50000,2000,100000000
Chevrolet Traverse 3.6 Awd Automatico 2020,Chevrolet,2020,5000,3600,135000000
BMW X5 Xdrive 30d 2013,BMW,2013,84219,0,103300000
Hyundai Tucson 2.0 4x2 Ix35 Gl Full Tiptronic 2018,Hyundai,2018,15000,2000,77000000
AUDI A5 2.0 Turbo Sportback Quattro S-Tronic 2011,AUDI,2011,81000,20,45500000
Dodge Journey 2.4 Se 7 Puestos 2015,Dodge,2015,63800,2400,51000000
JEEP Cherokee Longitude Plus 2015,JEEP,2015,88000,3200,78000000
NISSAN Sentra 1.8 SR 2019,NISSAN,2019,17200,1800,59000000
Nissan Frontier Np300  2017,Nissan,2017,46600,0,70000000
Mazda 3 2.0 Grand Touring Aut 2017,Mazda,2017,26000,4,62000000
CHEVROLET Captiva 2.4 LS SPORT Automatico 2011,CHEVROLET,2011,80252,0,34900000
CHEVROLET Spark GT LTZ Mecanico Full Equipo 2014,CHEVROLET,2014,36000,0,26000000
Toyota Fortuner Urbana 4x2 Automatica 2010,Toyota,2010,90200,2700,68000000
Mazda 3 Skyactiv Touring Sedan 2015,Mazda,2015,101000,2000,49900000
FORD Mustang Gt 350 1965,FORD,1965,46000,0,150000000
Mazda 3 Skyactiv Touring Sedan Aut 2019,Mazda,2019,33500,2000,66900000
Mazda CX-5 2.5 4x4 Automatica Grand Touring Lx 2020,Mazda,2020,24100,2500,119900000
Chevrolet NHR  2022,Chevrolet,2022,100,3000,95800000
Renault Logan Privilege 2019,Renault,2019,72000,1600,36000000
Mazda 3 2.0 Sedan Grand Touring 2018,Mazda,2018,40257,2000,69900000
Renault Duster Dynamique 4x4 Bvm 2019,Renault,2019,55875,2000,58000000
Renault Logan Privilege Aut 2018,Renault,2018,52300,1600,38900000
Volkswagen FOX Xtreme 2020,Volkswagen,2020,7000,1600,47990000
Mercedes Benz Clase Cla 200 Aut 2017,Mercedes Benz,2017,19863,1600,82990000
Hyundai Tucson Advance 4x2 Aut 2019,Hyundai,2019,10000,2000,83990000
BMW X5 Xdrive 35i Sport 2013,BMW,2013,112850,3000,73990000
Volvo Xc 90 2.5 T Automatica 2012,Volvo,2012,60620,2500,79990000
Nissan LEAF Electrico 2018,Nissan,2018,14106,0,74900000
Renault Nueva Master 16 Pasajeros 2019,Renault,2019,100279,2300,130000000
Dodge Durango 3.6 4x4 Limited 2015,Dodge,2015,51500,3600,87500000
Volvo Xc 60 Momentum 2.0 T5 4x4 Aut 2019,Volvo,2019,13450,2000,163990000
BMW Serie 5 520I 2012,BMW,2012,51950,2000,64500000
Mercedes Benz Clase M Ml 320 1998,Mercedes Benz,1998,122000,3200,24500000
Chevrolet Zafira 2.0 Mecanica 2008,Chevrolet,2008,153000,2000,23500000
Nissan Versa Advance Aut 2013,Nissan,2013,103500,1600,29500000
FORD Hot Rod Mecanico 1950,FORD,1950,99000,1600,25900000
Peugeot 405 Sri 2.0 Mecanico 1996,Peugeot,1996,178000,2000,9950000
DFSK V27  2015,DFSK,2015,154000,1400,35000000
Peugeot 2008  2019,Peugeot,2019,21000,1600,57000000
Caterpillar 416E  2015,Caterpillar,2015,6200,0,630000000
Chevrolet NHR Reward Camion 2018,Chevrolet,2018,132000,3000,85000000
AUDI A4 2.0 Tfsi S-Tronic Ambition 2017,AUDI,2017,41800,2000,78000000
Toyota Hilux 4x4 Doble Cabina A.A 2011,Toyota,2011,245000,2800,68000000
JEEP Grand Cherokee 3.6 Limited Usa 2012,JEEP,2012,34000,3600,74000000
CHEVROLET Captiva 2.4 LT SPORT Automatico 2011,CHEVROLET,2011,52000,2400,36000000
Mercedes Benz Clase A 200 1967,Mercedes Benz,1967,97473,0,6000000
Ssangyong Korando C  2015,Ssangyong,2015,51000,2000,51500000
Chevrolet Bel Air  1996,Chevrolet,1996,54000,3000,25000000
Toyota Prado  2006,Toyota,2006,158000,3400,49000000
Hyundai Tucson  2009,Hyundai,2009,124600,1950,127000000
Volvo Xc 90  2017,Volvo,2017,27300,1969,185000000
Chevrolet Captiva  2015,Chevrolet,2015,115000,2400,38000000
Renault R9  1995,Renault,1995,145000,1600,7500000
Hyundai ATOS  2010,Hyundai,2010,320000,1000,72000000
Renault Logan  2012,Renault,2012,137000,1400,16000000
Toyota Land Cruiser  1995,Toyota,1995,280000,4500,28500000
Hyundai ATOS  2006,Hyundai,2006,850000,1000,67000000
Hyundai I10  2014,Hyundai,2014,350000,1100,80000000
Chery Chery Taxi  2007,Chery,2007,150000,1600,110000000
Chevrolet Esteem  2003,Chevrolet,2003,160000,1300,11000000
Chevrolet Spark  2007,Chevrolet,2007,690000,1000,64000000
Hyundai HD78  2015,Hyundai,2015,66286,3907,80000000
AML Furgon  2020,AML,2020,100,1000,24000000
Romarco Trailer Botellero 1996,Romarco,1996,100,0,29500000
Chevrolet Sonic  2018,Chevrolet,2018,18000,1600,43500000
Chevrolet SAIL LS 2015,Chevrolet,2015,70000,1600,22500000
NISSAN Versa Advance 2015,NISSAN,2015,53606,1600,31800000
Mercedes Benz Clase B B180 Mecanico 2013,Mercedes Benz,2013,53000,1600,47000000
Volkswagen Escarabajo  1967,Volkswagen,1967,5000,1600,14000000
Hyundai ATOS Prime Servicio Urbano 2008,Hyundai,2008,110000,0,68000000
Hyundai Atos  2008,Hyundai,2008,570000,1000,70000000
Volvo V40 T3 Sport Aut 2016,Volvo,2016,41300,1500,61000000
Hyundai I25 1.6 Classic 2013,Hyundai,2013,13985,1600,27000000
BMW X5 3.5i Twinturbo 2017,BMW,2017,17147,3000,155000000
FORD Cargo 815 Largo 2005,FORD,2005,300000,3500,60000000
Skoda Felicia  1999,Skoda,1999,2400,0,7400000
Renault Megane Ii  2007,Renault,2007,135000,2000,15500000
